position,proba to win
'00005,1
'00004,1
'00003,1
'00002,1
'00001,1
'00000,1
'00015,0.6666666666666666
'00014,0.8888888888888888
'00013,0.9629629629629629
'00012,0.9876543209876543
'00011,0.9958847736625515
'00010,0.9986282578875172
'00025,0.4444444444444444
'00024,0.7407407407407408
'00023,0.8888888888888888
'00022,0.9547325102880658
'00021,0.9821673525377229
'00020,0.9931412894375858
'00035,0.2962962962962963
'00034,0.5925925925925927
'00033,0.7901234567901234
'00032,0.8998628257887518
'00031,0.9547325102880659
'00030,0.9803383630544126
'00045,0.19753086419753085
'00044,0.46090534979423875
'00043,0.6803840877914952
'00042,0.8267032464563329
'00041,0.9120560890108216
'00040,0.9575776050398822
'00105,0.6666666666666666
'00104,0.8888888888888888
'00103,0.9629629629629629
'00102,0.9876543209876543
'00101,0.9958847736625515
'00100,0.9986282578875172
'00115,0.5
'00114,0.7916666666666666
'00113,0.9201388888888888
'00112,0.9707754629629629
'00111,0.9896074459876543
'00110,0.9963730549125515
'00125,0.3611111111111111
'00124,0.6712962962962963
'00123,0.8501157407407407
'00122,0.936599794238683
'00121,0.9744955096879286
'00120,0.9900957272376543
'00135,0.25462962962962965
'00134,0.5474537037037037
'00133,0.7594521604938271
'00132,0.8831286436899862
'00131,0.9467130433384774
'00130,0.9768107152170495
'00145,0.17669753086419754
'00144,0.43312757201646096
'00143,0.6581039951989026
'00142,0.812766132258802
'00141,0.9045620769866446
'00140,0.9539402781151565
'00205,0.4444444444444444
'00204,0.7407407407407408
'00203,0.8888888888888888
'00202,0.9547325102880658
'00201,0.9821673525377229
'00200,0.9931412894375858
'00215,0.3611111111111111
'00214,0.6712962962962963
'00213,0.8501157407407407
'00212,0.936599794238683
'00211,0.9744955096879286
'00210,0.9900957272376543
'00225,0.2708333333333333
'00224,0.5711805555555556
'00223,0.7803819444444444
'00222,0.8975453317901234
'00221,0.9552579652134774
'00220,0.9813862867316101
'00235,0.19907407407407407
'00234,0.4722222222222222
'00233,0.6981095679012346
'00232,0.8440822187928669
'00231,0.9253277981395747
'00230,0.9662277717049611
'00245,0.14371141975308643
'00244,0.38032085905349794
'00243,0.6086609975137174
'00242,0.7773978918395633
'00241,0.8831538912763393
'00240,0.9423874282003546
'00305,0.2962962962962963
'00304,0.5925925925925927
'00303,0.7901234567901234
'00302,0.8998628257887518
'00301,0.9547325102880659
'00300,0.9803383630544126
'00315,0.25462962962962965
'00314,0.5474537037037037
'00313,0.7594521604938271
'00312,0.8831286436899862
'00311,0.9467130433384774
'00310,0.9768107152170495
'00325,0.19907407407407407
'00324,0.4722222222222222
'00323,0.6981095679012346
'00322,0.8440822187928669
'00321,0.9253277981395747
'00320,0.9662277717049611
'00335,0.14930555555555555
'00334,0.3914930555555555
'00333,0.6214554398148148
'00332,0.788425524048354
'00331,0.8911022296167694
'00330,0.9474463861829132
'00345,0.1105806327160494
'00344,0.3184719007201646
'00343,0.542510944465878
'00342,0.7241899711005373
'00341,0.8473870804026039
'00340,0.9211668202421963
'00405,0.19753086419753085
'00404,0.46090534979423875
'00403,0.6803840877914952
'00402,0.8267032464563329
'00401,0.9120560890108216
'00400,0.9575776050398822
'00415,0.17669753086419754
'00414,0.43312757201646096
'00413,0.6581039951989026
'00412,0.812766132258802
'00411,0.9045620769866446
'00410,0.9539402781151565
'00425,0.14371141975308643
'00424,0.38032085905349794
'00423,0.6086609975137174
'00422,0.7773978918395633
'00421,0.8831538912763393
'00420,0.9423874282003546
'00435,0.1105806327160494
'00434,0.3184719007201646
'00433,0.542510944465878
'00432,0.7241899711005373
'00431,0.8473870804026039
'00430,0.9211668202421963
'00445,0.08293547453703705
'00444,0.2595877941743827
'00443,0.4717801568930042
'00442,0.661087517548654
'00441,0.8008121896891164
'00440,0.8910781626039264
'01005,0.6666666666666666
'01004,0.8888888888888888
'01003,0.9629629629629629
'01002,0.9876543209876543
'01001,0.9958847736625515
'01000,0.9986282578875172
'01015,0.5
'01014,0.7916666666666666
'01013,0.9201388888888888
'01012,0.9707754629629629
'01011,0.9896074459876543
'01010,0.9963730549125515
'01025,0.3611111111111111
'01024,0.6712962962962963
'01023,0.8501157407407407
'01022,0.936599794238683
'01021,0.9744955096879286
'01020,0.9900957272376543
'01035,0.25462962962962965
'01034,0.5474537037037037
'01033,0.7594521604938271
'01032,0.8831286436899862
'01031,0.9467130433384774
'01030,0.9768107152170495
'01045,0.17669753086419754
'01044,0.43312757201646096
'01043,0.6581039951989026
'01042,0.812766132258802
'01041,0.9045620769866446
'01040,0.9539402781151565
'01105,0.5
'01104,0.7916666666666666
'01103,0.9201388888888888
'01102,0.9707754629629629
'01101,0.9896074459876543
'01100,0.9963730549125515
'01115,0.4
'01114,0.7133333333333333
'01113,0.8787777777777777
'01112,0.9523759259259258
'01111,0.9821611419753087
'01110,0.993530672325103
'01125,0.3044444444444444
'01124,0.6147407407407408
'01123,0.8145055555555555
'01122,0.9184913991769547
'01121,0.9663609405006859
'01120,0.9867227479252401
'01135,0.22362962962962962
'01134,0.5096037037037038
'01133,0.7315038271604937
'01132,0.8669487825788751
'01131,0.9386193500514404
'01130,0.973137255267204
'01145,0.16013086419753086
'01144,0.40911868312757205
'01143,0.637666865569273
'01142,0.7994193390489255
'01141,0.897156438625019
'01140,0.9502623010779481
'01205,0.3611111111111111
'01204,0.6712962962962963
'01203,0.8501157407407407
'01202,0.936599794238683
'01201,0.9744955096879286
'01200,0.9900957272376543
'01215,0.3044444444444444
'01214,0.6147407407407408
'01213,0.8145055555555555
'01212,0.9184913991769547
'01211,0.9663609405006859
'01210,0.9867227479252401
'01225,0.2368333333333333
'01224,0.5304472222222223
'01223,0.7508691666666666
'01222,0.8807777391975307
'01221,0.9470237051826131
'01220,0.9777156471379888
'01235,0.17927407407407409
'01234,0.44439888888888895
'01233,0.67515012345679
'01232,0.8295473206447188
'01231,0.917508375840192
'01230,0.962460939417667
'01245,0.1324780864197531
'01244,0.3621430812757202
'01243,0.591754238254458
'01242,0.7655332220864768
'01241,0.876172060733644
'01240,0.938748733769456
'01305,0.25462962962962965
'01304,0.5474537037037037
'01303,0.7594521604938271
'01302,0.8831286436899862
'01301,0.9467130433384774
'01300,0.9768107152170495
'01315,0.22362962962962962
'01314,0.5096037037037038
'01313,0.7315038271604937
'01312,0.8669487825788751
'01311,0.9386193500514404
'01310,0.973137255267204
'01325,0.17927407407407409
'01324,0.4443988888888889
'01323,0.67515012345679
'01322,0.8295473206447188
'01321,0.917508375840192
'01320,0.962460939417667
'01335,0.13742555555555555
'01334,0.37242305555555555
'01333,0.6038657731481482
'01332,0.7761866518261316
'01331,0.8839628017926954
'01330,0.9437584012457219
'01345,0.10358196604938272
'01344,0.3058086118312758
'01343,0.5295610681695816
'01342,0.7143315130017718
'01341,0.8411632515446821
'01340,0.9177191216095556
'01405,0.17669753086419754
'01404,0.43312757201646096
'01403,0.6581039951989026
'01402,0.812766132258802
'01401,0.9045620769866446
'01400,0.9539402781151565
'01415,0.16013086419753086
'01414,0.40911868312757205
'01413,0.637666865569273
'01412,0.7994193390489255
'01411,0.897156438625019
'01410,0.9502623010779481
'01425,0.1324780864197531
'01424,0.36214308127572015
'01423,0.591754238254458
'01422,0.7655332220864768
'01421,0.876172060733644
'01420,0.938748733769456
'01435,0.10358196604938272
'01434,0.30580861183127567
'01433,0.5295610681695816
'01432,0.7143315130017718
'01431,0.8411632515446821
'01430,0.9177191216095556
'01445,0.07873627453703705
'01444,0.2511499808410494
'01443,0.4623226684485597
'01442,0.6532809450005057
'01441,0.7955165778647336
'01440,0.8879504210594653
'02005,0.4444444444444444
'02004,0.7407407407407408
'02003,0.8888888888888888
'02002,0.9547325102880658
'02001,0.9821673525377229
'02000,0.9931412894375858
'02015,0.3611111111111111
'02014,0.6712962962962963
'02013,0.8501157407407407
'02012,0.936599794238683
'02011,0.9744955096879286
'02010,0.9900957272376543
'02025,0.2708333333333333
'02024,0.5711805555555556
'02023,0.7803819444444444
'02022,0.8975453317901234
'02021,0.9552579652134774
'02020,0.9813862867316101
'02035,0.19907407407407407
'02034,0.4722222222222222
'02033,0.6981095679012346
'02032,0.8440822187928669
'02031,0.9253277981395747
'02030,0.9662277717049611
'02045,0.14371141975308643
'02044,0.38032085905349794
'02043,0.6086609975137174
'02042,0.7773978918395633
'02041,0.8831538912763393
'02040,0.9423874282003546
'02105,0.3611111111111111
'02104,0.6712962962962963
'02103,0.8501157407407407
'02102,0.936599794238683
'02101,0.9744955096879286
'02100,0.9900957272376543
'02115,0.3044444444444444
'02114,0.6147407407407408
'02113,0.8145055555555555
'02112,0.9184913991769547
'02111,0.9663609405006859
'02110,0.9867227479252401
'02125,0.2368333333333333
'02124,0.5304472222222223
'02123,0.7508691666666666
'02122,0.8807777391975307
'02121,0.9470237051826131
'02120,0.9777156471379888
'02135,0.17927407407407409
'02134,0.44439888888888895
'02133,0.67515012345679
'02132,0.8295473206447188
'02131,0.917508375840192
'02130,0.962460939417667
'02145,0.1324780864197531
'02144,0.3621430812757202
'02143,0.591754238254458
'02142,0.7655332220864768
'02141,0.876172060733644
'02140,0.938748733769456
'02205,0.2708333333333333
'02204,0.5711805555555556
'02203,0.7803819444444444
'02202,0.8975453317901234
'02201,0.9552579652134774
'02200,0.9813862867316101
'02215,0.2368333333333333
'02214,0.5304472222222223
'02213,0.7508691666666666
'02212,0.8807777391975307
'02211,0.9470237051826131
'02210,0.9777156471379888
'02225,0.18946666666666664
'02224,0.46225111111111117
'02223,0.6931455555555555
'02222,0.8432513024691357
'02221,0.9262692246399176
'02220,0.9674263626383744
'02235,0.1474962962962963
'02234,0.3921592592592593
'02233,0.6257501234567902
'02232,0.7942694739368998
'02231,0.8963649349794238
'02230,0.9512279078183014
'02245,0.11198975308641974
'02244,0.32411888683127577
'02243,0.5518255220507544
'02242,0.7342861828195015
'02241,0.8558720348491274
'02240,0.9271650636049283
'02305,0.19907407407407407
'02304,0.4722222222222222
'02303,0.6981095679012346
'02302,0.8440822187928669
'02301,0.9253277981395747
'02300,0.9662277717049611
'02315,0.17927407407407409
'02314,0.44439888888888895
'02313,0.67515012345679
'02312,0.8295473206447188
'02311,0.917508375840192
'02310,0.962460939417667
'02325,0.1474962962962963
'02324,0.39215925925925926
'02323,0.6257501234567902
'02322,0.7942694739368998
'02321,0.8963649349794238
'02320,0.9512279078183014
'02335,0.11598288888888889
'02334,0.3329767444444445
'02333,0.5628185775925927
'02332,0.7443627302458848
'02331,0.8634840673953704
'02330,0.9321852384191992
'02345,0.08950749938271604
'02344,0.2770776973868313
'02343,0.4968202885584705
'02342,0.6868326889743026
'02341,0.8221672220317705
'02340,0.9062843768169305
'02405,0.14371141975308643
'02404,0.38032085905349794
'02403,0.6086609975137174
'02402,0.7773978918395633
'02401,0.8831538912763393
'02400,0.9423874282003546
'02415,0.1324780864197531
'02414,0.36214308127572015
'02413,0.591754238254458
'02412,0.7655332220864768
'02411,0.876172060733644
'02410,0.938748733769456
'02425,0.11198975308641974
'02424,0.3241188868312757
'02423,0.5518255220507544
'02422,0.7342861828195015
'02421,0.8558720348491274
'02420,0.9271650636049283
'02435,0.08950749938271604
'02434,0.2770776973868313
'02433,0.4968202885584705
'02432,0.6868326889743026
'02431,0.8221672220317705
'02430,0.9062843768169305
'02445,0.06945175453703704
'02444,0.23036696550771607
'02443,0.4366300999263375
'02442,0.6300818223699501
'02441,0.7784200132659991
'02440,0.8770447129552512
'03005,0.2962962962962963
'03004,0.5925925925925927
'03003,0.7901234567901234
'03002,0.8998628257887518
'03001,0.9547325102880659
'03000,0.9803383630544126
'03015,0.25462962962962965
'03014,0.5474537037037037
'03013,0.7594521604938271
'03012,0.8831286436899862
'03011,0.9467130433384774
'03010,0.9768107152170495
'03025,0.19907407407407407
'03024,0.4722222222222222
'03023,0.6981095679012346
'03022,0.8440822187928669
'03021,0.9253277981395747
'03020,0.9662277717049611
'03035,0.14930555555555555
'03034,0.3914930555555555
'03033,0.6214554398148148
'03032,0.788425524048354
'03031,0.8911022296167694
'03030,0.9474463861829132
'03045,0.1105806327160494
'03044,0.3184719007201646
'03043,0.542510944465878
'03042,0.7241899711005373
'03041,0.8473870804026039
'03040,0.9211668202421963
'03105,0.25462962962962965
'03104,0.5474537037037037
'03103,0.7594521604938271
'03102,0.8831286436899862
'03101,0.9467130433384774
'03100,0.9768107152170495
'03115,0.22362962962962962
'03114,0.5096037037037038
'03113,0.7315038271604937
'03112,0.8669487825788751
'03111,0.9386193500514404
'03110,0.973137255267204
'03125,0.17927407407407409
'03124,0.4443988888888889
'03123,0.67515012345679
'03122,0.8295473206447188
'03121,0.917508375840192
'03120,0.962460939417667
'03135,0.13742555555555555
'03134,0.37242305555555555
'03133,0.6038657731481482
'03132,0.7761866518261316
'03131,0.8839628017926954
'03130,0.9437584012457219
'03145,0.10358196604938272
'03144,0.3058086118312758
'03143,0.5295610681695816
'03142,0.7143315130017718
'03141,0.8411632515446821
'03140,0.9177191216095556
'03205,0.19907407407407407
'03204,0.4722222222222222
'03203,0.6981095679012346
'03202,0.8440822187928669
'03201,0.9253277981395747
'03200,0.9662277717049611
'03215,0.17927407407407409
'03214,0.44439888888888895
'03213,0.67515012345679
'03212,0.8295473206447188
'03211,0.917508375840192
'03210,0.962460939417667
'03225,0.1474962962962963
'03224,0.39215925925925926
'03223,0.6257501234567902
'03222,0.7942694739368998
'03221,0.8963649349794238
'03220,0.9512279078183014
'03235,0.11598288888888889
'03234,0.3329767444444445
'03233,0.5628185775925927
'03232,0.7443627302458848
'03231,0.8634840673953704
'03230,0.9321852384191992
'03245,0.08950749938271604
'03244,0.2770776973868313
'03243,0.4968202885584705
'03242,0.6868326889743026
'03241,0.8221672220317705
'03240,0.9062843768169305
'03305,0.14930555555555555
'03304,0.3914930555555555
'03303,0.6214554398148148
'03302,0.788425524048354
'03301,0.8911022296167694
'03300,0.9474463861829132
'03315,0.13742555555555555
'03314,0.37242305555555555
'03313,0.6038657731481482
'03312,0.7761866518261316
'03311,0.8839628017926954
'03310,0.9437584012457219
'03325,0.11598288888888889
'03324,0.3329767444444445
'03323,0.5628185775925927
'03322,0.7443627302458848
'03321,0.8634840673953704
'03320,0.9321852384191992
'03335,0.0927863111111111
'03334,0.2849386577777778
'03333,0.5072425936296298
'03332,0.6969387029226338
'03331,0.8301749945008231
'03330,0.911783189635524
'03345,0.07291752419753086
'03344,0.23939004690534982
'03343,0.44950316225631004
'03342,0.6434091892100365
'03341,0.7896187244550448
'03340,0.8851507714719908
'03405,0.1105806327160494
'03404,0.3184719007201646
'03403,0.542510944465878
'03402,0.7241899711005373
'03401,0.8473870804026039
'03400,0.9211668202421963
'03415,0.10358196604938272
'03414,0.30580861183127567
'03413,0.5295610681695816
'03412,0.7143315130017718
'03411,0.8411632515446821
'03410,0.9177191216095556
'03425,0.08950749938271604
'03424,0.2770776973868313
'03423,0.4968202885584706
'03422,0.6868326889743026
'03421,0.8221672220317705
'03420,0.9062843768169305
'03435,0.07291752419753086
'03434,0.23939004690534982
'03433,0.44950316225631004
'03432,0.6434091892100365
'03431,0.7896187244550448
'03430,0.8851507714719908
'03445,0.057640865425925926
'03444,0.2012355943299383
'03443,0.3972750362050411
'03442,0.5915168852410202
'03441,0.7477586143744308
'03440,0.8560511283491309
'04005,0.19753086419753085
'04004,0.46090534979423875
'04003,0.6803840877914952
'04002,0.8267032464563329
'04001,0.9120560890108216
'04000,0.9575776050398822
'04015,0.17669753086419754
'04014,0.43312757201646096
'04013,0.6581039951989026
'04012,0.812766132258802
'04011,0.9045620769866446
'04010,0.9539402781151565
'04025,0.14371141975308643
'04024,0.38032085905349794
'04023,0.6086609975137174
'04022,0.7773978918395633
'04021,0.8831538912763393
'04020,0.9423874282003546
'04035,0.1105806327160494
'04034,0.3184719007201646
'04033,0.542510944465878
'04032,0.7241899711005373
'04031,0.8473870804026039
'04030,0.9211668202421963
'04045,0.08293547453703705
'04044,0.2595877941743827
'04043,0.4717801568930042
'04042,0.661087517548654
'04041,0.8008121896891164
'04040,0.8910781626039264
'04105,0.17669753086419754
'04104,0.43312757201646096
'04103,0.6581039951989026
'04102,0.812766132258802
'04101,0.9045620769866446
'04100,0.9539402781151565
'04115,0.16013086419753086
'04114,0.40911868312757205
'04113,0.637666865569273
'04112,0.7994193390489255
'04111,0.897156438625019
'04110,0.9502623010779481
'04125,0.1324780864197531
'04124,0.36214308127572015
'04123,0.591754238254458
'04122,0.7655332220864768
'04121,0.876172060733644
'04120,0.938748733769456
'04135,0.10358196604938272
'04134,0.30580861183127567
'04133,0.5295610681695816
'04132,0.7143315130017718
'04131,0.8411632515446821
'04130,0.9177191216095556
'04145,0.07873627453703705
'04144,0.2511499808410494
'04143,0.4623226684485597
'04142,0.6532809450005057
'04141,0.7955165778647336
'04140,0.8879504210594653
'04205,0.14371141975308643
'04204,0.38032085905349794
'04203,0.6086609975137174
'04202,0.7773978918395633
'04201,0.8831538912763393
'04200,0.9423874282003546
'04215,0.1324780864197531
'04214,0.36214308127572015
'04213,0.591754238254458
'04212,0.7655332220864768
'04211,0.876172060733644
'04210,0.938748733769456
'04225,0.11198975308641974
'04224,0.3241188868312757
'04223,0.5518255220507544
'04222,0.7342861828195015
'04221,0.8558720348491274
'04220,0.9271650636049283
'04235,0.08950749938271604
'04234,0.2770776973868313
'04233,0.4968202885584705
'04232,0.6868326889743026
'04231,0.8221672220317705
'04230,0.9062843768169305
'04245,0.06945175453703704
'04244,0.23036696550771607
'04243,0.4366300999263375
'04242,0.6300818223699501
'04241,0.7784200132659991
'04240,0.8770447129552512
'04305,0.1105806327160494
'04304,0.3184719007201646
'04303,0.542510944465878
'04302,0.7241899711005373
'04301,0.8473870804026039
'04300,0.9211668202421963
'04315,0.10358196604938272
'04314,0.30580861183127567
'04313,0.5295610681695816
'04312,0.7143315130017718
'04311,0.8411632515446821
'04310,0.9177191216095556
'04325,0.08950749938271604
'04324,0.2770776973868313
'04323,0.4968202885584706
'04322,0.6868326889743026
'04321,0.8221672220317705
'04320,0.9062843768169305
'04335,0.07291752419753086
'04334,0.23939004690534982
'04333,0.44950316225631004
'04332,0.6434091892100365
'04331,0.7896187244550448
'04330,0.8851507714719908
'04345,0.057640865425925926
'04344,0.2012355943299383
'04343,0.3972750362050411
'04342,0.5915168852410202
'04341,0.7477586143744308
'04340,0.8560511283491309
'04405,0.08293547453703705
'04404,0.2595877941743827
'04403,0.4717801568930042
'04402,0.661087517548654
'04401,0.8008121896891164
'04400,0.8910781626039264
'04415,0.07873627453703705
'04414,0.25114998084104934
'04413,0.4623226684485596
'04412,0.6532809450005057
'04411,0.7955165778647337
'04410,0.8879504210594653
'04425,0.06945175453703704
'04424,0.23036696550771601
'04423,0.4366300999263375
'04422,0.6300818223699501
'04421,0.7784200132659991
'04420,0.8770447129552512
'04435,0.057640865425925926
'04434,0.2012355943299383
'04433,0.3972750362050411
'04432,0.5915168852410202
'04431,0.7477586143744308
'04430,0.8560511283491309
'04445,0.04611269234074074
'04444,0.17021101393209878
'04443,0.3518622317504526
'04442,0.5435859545429067
'04441,0.706924082408126
'04440,0.8262257191609299
'10005,0.6666666666666666
'10004,0.8888888888888888
'10003,0.9629629629629629
'10002,0.9876543209876543
'10001,0.9958847736625515
'10000,0.9986282578875172
'10015,0.5
'10014,0.7916666666666666
'10013,0.9201388888888888
'10012,0.9707754629629629
'10011,0.9896074459876543
'10010,0.9963730549125515
'10025,0.3611111111111111
'10024,0.6712962962962963
'10023,0.8501157407407407
'10022,0.936599794238683
'10021,0.9744955096879286
'10020,0.9900957272376543
'10035,0.25462962962962965
'10034,0.5474537037037037
'10033,0.7594521604938271
'10032,0.8831286436899862
'10031,0.9467130433384774
'10030,0.9768107152170495
'10045,0.17669753086419754
'10044,0.43312757201646096
'10043,0.6581039951989026
'10042,0.812766132258802
'10041,0.9045620769866446
'10040,0.9539402781151565
'10105,0.5
'10104,0.7916666666666666
'10103,0.9201388888888888
'10102,0.9707754629629629
'10101,0.9896074459876543
'10100,0.9963730549125515
'10115,0.4
'10114,0.7133333333333333
'10113,0.8787777777777777
'10112,0.9523759259259258
'10111,0.9821611419753087
'10110,0.993530672325103
'10125,0.3044444444444444
'10124,0.6147407407407408
'10123,0.8145055555555555
'10122,0.9184913991769547
'10121,0.9663609405006859
'10120,0.9867227479252401
'10135,0.22362962962962962
'10134,0.5096037037037038
'10133,0.7315038271604937
'10132,0.8669487825788751
'10131,0.9386193500514404
'10130,0.973137255267204
'10145,0.16013086419753086
'10144,0.40911868312757205
'10143,0.637666865569273
'10142,0.7994193390489255
'10141,0.897156438625019
'10140,0.9502623010779481
'10205,0.3611111111111111
'10204,0.6712962962962963
'10203,0.8501157407407407
'10202,0.936599794238683
'10201,0.9744955096879286
'10200,0.9900957272376543
'10215,0.3044444444444444
'10214,0.6147407407407408
'10213,0.8145055555555555
'10212,0.9184913991769547
'10211,0.9663609405006859
'10210,0.9867227479252401
'10225,0.2368333333333333
'10224,0.5304472222222223
'10223,0.7508691666666666
'10222,0.8807777391975307
'10221,0.9470237051826131
'10220,0.9777156471379888
'10235,0.17927407407407409
'10234,0.44439888888888895
'10233,0.67515012345679
'10232,0.8295473206447188
'10231,0.917508375840192
'10230,0.962460939417667
'10245,0.1324780864197531
'10244,0.3621430812757202
'10243,0.591754238254458
'10242,0.7655332220864768
'10241,0.876172060733644
'10240,0.938748733769456
'10305,0.25462962962962965
'10304,0.5474537037037037
'10303,0.7594521604938271
'10302,0.8831286436899862
'10301,0.9467130433384774
'10300,0.9768107152170495
'10315,0.22362962962962962
'10314,0.5096037037037038
'10313,0.7315038271604937
'10312,0.8669487825788751
'10311,0.9386193500514404
'10310,0.973137255267204
'10325,0.17927407407407409
'10324,0.4443988888888889
'10323,0.67515012345679
'10322,0.8295473206447188
'10321,0.917508375840192
'10320,0.962460939417667
'10335,0.13742555555555555
'10334,0.37242305555555555
'10333,0.6038657731481482
'10332,0.7761866518261316
'10331,0.8839628017926954
'10330,0.9437584012457219
'10345,0.10358196604938272
'10344,0.3058086118312758
'10343,0.5295610681695816
'10342,0.7143315130017718
'10341,0.8411632515446821
'10340,0.9177191216095556
'10405,0.17669753086419754
'10404,0.43312757201646096
'10403,0.6581039951989026
'10402,0.812766132258802
'10401,0.9045620769866446
'10400,0.9539402781151565
'10415,0.16013086419753086
'10414,0.40911868312757205
'10413,0.637666865569273
'10412,0.7994193390489255
'10411,0.897156438625019
'10410,0.9502623010779481
'10425,0.1324780864197531
'10424,0.36214308127572015
'10423,0.591754238254458
'10422,0.7655332220864768
'10421,0.876172060733644
'10420,0.938748733769456
'10435,0.10358196604938272
'10434,0.30580861183127567
'10433,0.5295610681695816
'10432,0.7143315130017718
'10431,0.8411632515446821
'10430,0.9177191216095556
'10445,0.07873627453703705
'10444,0.2511499808410494
'10443,0.4623226684485597
'10442,0.6532809450005057
'10441,0.7955165778647336
'10440,0.8879504210594653
'11005,0.5
'11004,0.7916666666666666
'11003,0.9201388888888888
'11002,0.9707754629629629
'11001,0.9896074459876543
'11000,0.9963730549125515
'11015,0.4
'11014,0.7133333333333333
'11013,0.8787777777777777
'11012,0.9523759259259258
'11011,0.9821611419753087
'11010,0.993530672325103
'11025,0.3044444444444444
'11024,0.6147407407407408
'11023,0.8145055555555555
'11022,0.9184913991769547
'11021,0.9663609405006859
'11020,0.9867227479252401
'11035,0.22362962962962962
'11034,0.5096037037037038
'11033,0.7315038271604937
'11032,0.8669487825788751
'11031,0.9386193500514404
'11030,0.973137255267204
'11045,0.16013086419753086
'11044,0.40911868312757205
'11043,0.637666865569273
'11042,0.7994193390489255
'11041,0.897156438625019
'11040,0.9502623010779481
'11105,0.4
'11104,0.7133333333333333
'11103,0.8787777777777777
'11102,0.9523759259259258
'11101,0.9821611419753087
'11100,0.993530672325103
'11115,0.3333333333333333
'11114,0.65
'11113,0.8406481481481481
'11112,0.9337546296296294
'11111,0.9740933899176955
'11110,0.9902911252572016
'11125,0.2633333333333333
'11124,0.567925925925926
'11123,0.7821231481481482
'11122,0.9008511008230452
'11121,0.9580201170267489
'11120,0.9831284352194786
'11135,0.19959259259259257
'11134,0.47737592592592604
'11133,0.7060222839506173
'11132,0.8514284722222222
'11131,0.9305544594050069
'11130,0.9693705159409293
'11145,0.14659629629629628
'11144,0.38811736625514404
'11143,0.6188604218106996
'11142,0.7866625639003201
'11141,0.8898734664308985
'11140,0.9465669002577668
'11205,0.3044444444444444
'11204,0.6147407407407408
'11203,0.8145055555555555
'11202,0.9184913991769547
'11201,0.9663609405006859
'11200,0.9867227479252401
'11215,0.2633333333333333
'11214,0.567925925925926
'11213,0.782123148148148
'11212,0.9008511008230452
'11211,0.9580201170267489
'11210,0.9831284352194788
'11225,0.21061111111111108
'11224,0.4958805555555556
'11223,0.7239980555555555
'11222,0.8646844727366254
'11221,0.9387987056970165
'11220,0.973935884271905
'11235,0.16322716049382716
'11234,0.4201936625514404
'11233,0.6540853840877915
'11232,0.8156629071787836
'11231,0.9098052549430345
'11230,0.958661569710518
'11245,0.12300113168724279
'11244,0.34596533093278464
'11243,0.5760841662379973
'11242,0.7541898314448064
'11241,0.8693363215381771
'11240,0.9351206381259819
'11305,0.22362962962962962
'11304,0.5096037037037038
'11303,0.7315038271604937
'11302,0.8669487825788751
'11301,0.9386193500514404
'11300,0.973137255267204
'11315,0.19959259259259257
'11314,0.47737592592592604
'11313,0.7060222839506172
'11312,0.8514284722222222
'11311,0.9305544594050069
'11310,0.9693705159409295
'11325,0.16322716049382716
'11324,0.42019366255144036
'11323,0.6540853840877915
'11322,0.8156629071787836
'11321,0.9098052549430345
'11320,0.9586615697105181
'11335,0.1274220987654321
'11334,0.3554748662551441
'11333,0.5875770941358025
'11332,0.7644898532207361
'11331,0.8769718702725383
'11330,0.9400788969825894
'11345,0.09750154355281208
'11344,0.2943389717764061
'11343,0.5174499104375286
'11342,0.7048804123878919
'11341,0.8350811629267517
'11340,0.9142996397061706
'11405,0.16013086419753086
'11404,0.40911868312757205
'11403,0.637666865569273
'11402,0.7994193390489255
'11401,0.897156438625019
'11400,0.9502623010779481
'11415,0.14659629629629628
'11414,0.38811736625514404
'11413,0.6188604218106996
'11412,0.7866625639003201
'11411,0.8898734664308985
'11410,0.9465669002577671
'11425,0.1230011316872428
'11424,0.34596533093278464
'11423,0.5760841662379973
'11422,0.7541898314448064
'11421,0.869336321538177
'11420,0.9351206381259821
'11435,0.09750154355281208
'11434,0.29433897177640606
'11433,0.5174499104375286
'11432,0.7048804123878919
'11431,0.8350811629267517
'11430,0.9142996397061708
'11445,0.07499619662208507
'11444,0.24338551227223368
'11443,0.4533967634136564
'11442,0.645766648429724
'11441,0.7903405488232411
'11440,0.8848567183434474
'12005,0.3611111111111111
'12004,0.6712962962962963
'12003,0.8501157407407407
'12002,0.936599794238683
'12001,0.9744955096879286
'12000,0.9900957272376543
'12015,0.3044444444444444
'12014,0.6147407407407408
'12013,0.8145055555555555
'12012,0.9184913991769547
'12011,0.9663609405006859
'12010,0.9867227479252401
'12025,0.2368333333333333
'12024,0.5304472222222223
'12023,0.7508691666666666
'12022,0.8807777391975307
'12021,0.9470237051826131
'12020,0.9777156471379888
'12035,0.17927407407407409
'12034,0.44439888888888895
'12033,0.67515012345679
'12032,0.8295473206447188
'12031,0.917508375840192
'12030,0.962460939417667
'12045,0.1324780864197531
'12044,0.3621430812757202
'12043,0.591754238254458
'12042,0.7655332220864768
'12041,0.876172060733644
'12040,0.938748733769456
'12105,0.3044444444444444
'12104,0.6147407407407408
'12103,0.8145055555555555
'12102,0.9184913991769547
'12101,0.9663609405006859
'12100,0.9867227479252401
'12115,0.2633333333333333
'12114,0.567925925925926
'12113,0.782123148148148
'12112,0.9008511008230452
'12111,0.958020117026749
'12110,0.9831284352194789
'12125,0.21061111111111108
'12124,0.4958805555555556
'12123,0.7239980555555555
'12122,0.8646844727366254
'12121,0.9387987056970165
'12120,0.973935884271905
'12135,0.16322716049382716
'12134,0.4201936625514404
'12133,0.6540853840877915
'12132,0.8156629071787836
'12131,0.9098052549430345
'12130,0.958661569710518
'12145,0.12300113168724279
'12144,0.34596533093278464
'12143,0.5760841662379973
'12142,0.7541898314448064
'12141,0.869336321538177
'12140,0.9351206381259819
'12205,0.2368333333333333
'12204,0.5304472222222223
'12203,0.7508691666666666
'12202,0.8807777391975307
'12201,0.9470237051826131
'12200,0.9777156471379888
'12215,0.21061111111111108
'12214,0.4958805555555556
'12213,0.7239980555555555
'12212,0.8646844727366254
'12211,0.9387987056970163
'12210,0.973935884271905
'12225,0.17198518518518516
'12224,0.4362930864197532
'12223,0.6709051440329219
'12222,0.8288157229080931
'12221,0.9183799617226794
'12220,0.9635916435747789
'12235,0.13632016460905347
'12234,0.37357548696845
'12233,0.6082177777777779
'12232,0.781907418648072
'12231,0.8891071311598208
'12230,0.9474735775914526
'12245,0.10510539094650205
'12244,0.3113843189300412
'12243,0.5386356215020577
'12242,0.7241860507512193
'12241,0.8494908318327238
'12240,0.9236407211454202
'12305,0.17927407407407409
'12304,0.44439888888888895
'12303,0.67515012345679
'12302,0.8295473206447188
'12301,0.917508375840192
'12300,0.962460939417667
'12315,0.16322716049382716
'12314,0.4201936625514404
'12313,0.6540853840877915
'12312,0.8156629071787836
'12311,0.9098052549430345
'12310,0.958661569710518
'12325,0.13632016460905347
'12324,0.37357548696845
'12323,0.6082177777777779
'12322,0.781907418648072
'12321,0.8891071311598208
'12320,0.9474735775914526
'12335,0.10872758024691358
'12334,0.3196509419753087
'12333,0.5491166578395063
'12332,0.7339485828750573
'12331,0.8569543190037381
'12330,0.9286065311966474
'12345,0.08492826572930956
'12344,0.2678385229622009
'12343,0.48649627652321165
'12342,0.6783820990644567
'12341,0.8165049923105299
'12340,0.9029904653953911
'12405,0.1324780864197531
'12404,0.3621430812757202
'12403,0.591754238254458
'12402,0.7655332220864768
'12401,0.876172060733644
'12400,0.938748733769456
'12415,0.12300113168724279
'12414,0.34596533093278464
'12413,0.5760841662379973
'12412,0.7541898314448064
'12411,0.869336321538177
'12410,0.9351206381259821
'12425,0.10510539094650205
'12424,0.3113843189300412
'12423,0.5386356215020577
'12422,0.7241860507512193
'12421,0.8494908318327238
'12420,0.9236407211454204
'12435,0.08492826572930956
'12434,0.2678385229622009
'12433,0.48649627652321165
'12432,0.6783820990644567
'12431,0.8165049923105299
'12430,0.9029904653953911
'12445,0.06653879139117513
'12444,0.22396780634295457
'12443,0.42891391654209726
'12442,0.6233181140891902
'12441,0.7735989421850032
'12440,0.8740786282783125
'13005,0.25462962962962965
'13004,0.5474537037037037
'13003,0.7594521604938271
'13002,0.8831286436899862
'13001,0.9467130433384774
'13000,0.9768107152170495
'13015,0.22362962962962962
'13014,0.5096037037037038
'13013,0.7315038271604937
'13012,0.8669487825788751
'13011,0.9386193500514404
'13010,0.973137255267204
'13025,0.17927407407407409
'13024,0.4443988888888889
'13023,0.67515012345679
'13022,0.8295473206447188
'13021,0.917508375840192
'13020,0.962460939417667
'13035,0.13742555555555555
'13034,0.37242305555555555
'13033,0.6038657731481482
'13032,0.7761866518261316
'13031,0.8839628017926954
'13030,0.9437584012457219
'13045,0.10358196604938272
'13044,0.3058086118312758
'13043,0.5295610681695816
'13042,0.7143315130017718
'13041,0.8411632515446821
'13040,0.9177191216095556
'13105,0.22362962962962962
'13104,0.5096037037037038
'13103,0.7315038271604937
'13102,0.8669487825788751
'13101,0.9386193500514404
'13100,0.973137255267204
'13115,0.19959259259259257
'13114,0.47737592592592604
'13113,0.7060222839506172
'13112,0.8514284722222222
'13111,0.9305544594050069
'13110,0.9693705159409295
'13125,0.16322716049382716
'13124,0.42019366255144036
'13123,0.6540853840877915
'13122,0.8156629071787836
'13121,0.9098052549430345
'13120,0.958661569710518
'13135,0.1274220987654321
'13134,0.3554748662551441
'13133,0.5875770941358025
'13132,0.7644898532207361
'13131,0.8769718702725383
'13130,0.9400788969825894
'13145,0.09750154355281206
'13144,0.2943389717764061
'13143,0.5174499104375286
'13142,0.7048804123878919
'13141,0.8350811629267515
'13140,0.9142996397061706
'13205,0.17927407407407409
'13204,0.4443988888888889
'13203,0.67515012345679
'13202,0.8295473206447188
'13201,0.917508375840192
'13200,0.962460939417667
'13215,0.16322716049382716
'13214,0.42019366255144036
'13213,0.6540853840877915
'13212,0.8156629071787836
'13211,0.9098052549430345
'13210,0.958661569710518
'13225,0.13632016460905347
'13224,0.37357548696845
'13223,0.6082177777777779
'13222,0.781907418648072
'13221,0.8891071311598208
'13220,0.9474735775914526
'13235,0.10872758024691358
'13234,0.3196509419753087
'13233,0.5491166578395063
'13232,0.7339485828750573
'13231,0.8569543190037381
'13230,0.9286065311966474
'13245,0.08492826572930955
'13244,0.26783852296220095
'13243,0.48649627652321165
'13242,0.6783820990644567
'13241,0.8165049923105299
'13240,0.9029904653953911
'13305,0.13742555555555555
'13304,0.37242305555555555
'13303,0.6038657731481482
'13302,0.7761866518261316
'13301,0.8839628017926954
'13300,0.9437584012457219
'13315,0.1274220987654321
'13314,0.3554748662551441
'13313,0.5875770941358025
'13312,0.764489853220736
'13311,0.8769718702725383
'13310,0.9400788969825894
'13325,0.10872758024691358
'13324,0.3196509419753087
'13323,0.5491166578395063
'13322,0.7339485828750573
'13321,0.8569543190037381
'13320,0.9286065311966474
'13335,0.08794943868312756
'13334,0.2752486440603567
'13333,0.49649297817466853
'13332,0.688204335432922
'13331,0.8243661009914495
'13330,0.9084292359022604
'13345,0.06977882217040084
'13344,0.2325572005201443
'13343,0.4413398120287025
'13342,0.6363203117055828
'13341,0.7846135371274311
'13340,0.882100618532454
'13405,0.10358196604938272
'13404,0.3058086118312758
'13403,0.5295610681695816
'13402,0.7143315130017718
'13401,0.8411632515446821
'13400,0.9177191216095556
'13415,0.09750154355281206
'13414,0.29433897177640606
'13413,0.5174499104375286
'13412,0.7048804123878919
'13411,0.8350811629267517
'13410,0.9142996397061708
'13425,0.08492826572930955
'13424,0.2678385229622009
'13423,0.4864962765232117
'13422,0.6783820990644568
'13421,0.8165049923105299
'13420,0.9029904653953911
'13435,0.06977882217040085
'13434,0.2325572005201443
'13433,0.4413398120287025
'13432,0.6363203117055828
'13431,0.7846135371274311
'13430,0.8821006185324541
'13445,0.05558602055471726
'13444,0.19641017046467382
'13443,0.3911030932163199
'13442,0.5858165046105464
'13441,0.743502445425379
'13440,0.8533223429416973
'14005,0.17669753086419754
'14004,0.43312757201646096
'14003,0.6581039951989026
'14002,0.812766132258802
'14001,0.9045620769866446
'14000,0.9539402781151565
'14015,0.16013086419753086
'14014,0.40911868312757205
'14013,0.637666865569273
'14012,0.7994193390489255
'14011,0.897156438625019
'14010,0.9502623010779481
'14025,0.1324780864197531
'14024,0.36214308127572015
'14023,0.591754238254458
'14022,0.7655332220864768
'14021,0.876172060733644
'14020,0.938748733769456
'14035,0.10358196604938272
'14034,0.30580861183127567
'14033,0.5295610681695816
'14032,0.7143315130017718
'14031,0.8411632515446821
'14030,0.9177191216095556
'14045,0.07873627453703705
'14044,0.2511499808410494
'14043,0.4623226684485597
'14042,0.6532809450005057
'14041,0.7955165778647336
'14040,0.8879504210594653
'14105,0.16013086419753086
'14104,0.40911868312757205
'14103,0.637666865569273
'14102,0.7994193390489255
'14101,0.897156438625019
'14100,0.9502623010779481
'14115,0.14659629629629628
'14114,0.38811736625514404
'14113,0.6188604218106996
'14112,0.7866625639003201
'14111,0.8898734664308985
'14110,0.9465669002577668
'14125,0.1230011316872428
'14124,0.34596533093278464
'14123,0.5760841662379973
'14122,0.7541898314448064
'14121,0.869336321538177
'14120,0.9351206381259819
'14135,0.09750154355281208
'14134,0.29433897177640606
'14133,0.5174499104375286
'14132,0.7048804123878919
'14131,0.8350811629267517
'14130,0.9142996397061706
'14145,0.07499619662208505
'14144,0.24338551227223368
'14143,0.4533967634136564
'14142,0.6457666484297239
'14141,0.7903405488232411
'14140,0.8848567183434474
'14205,0.1324780864197531
'14204,0.36214308127572015
'14203,0.591754238254458
'14202,0.7655332220864768
'14201,0.876172060733644
'14200,0.938748733769456
'14215,0.12300113168724279
'14214,0.3459653309327846
'14213,0.5760841662379971
'14212,0.7541898314448064
'14211,0.869336321538177
'14210,0.9351206381259819
'14225,0.10510539094650205
'14224,0.31138431893004115
'14223,0.5386356215020576
'14222,0.7241860507512193
'14221,0.8494908318327238
'14220,0.9236407211454202
'14235,0.08492826572930956
'14234,0.2678385229622009
'14233,0.48649627652321165
'14232,0.6783820990644567
'14231,0.8165049923105299
'14230,0.902990465395391
'14245,0.06653879139117512
'14244,0.22396780634295457
'14243,0.42891391654209726
'14242,0.6233181140891902
'14241,0.7735989421850032
'14240,0.8740786282783125
'14305,0.10358196604938272
'14304,0.30580861183127567
'14303,0.5295610681695816
'14302,0.7143315130017718
'14301,0.8411632515446821
'14300,0.9177191216095556
'14315,0.09750154355281206
'14314,0.29433897177640606
'14313,0.5174499104375286
'14312,0.7048804123878919
'14311,0.8350811629267517
'14310,0.9142996397061706
'14325,0.08492826572930955
'14324,0.2678385229622009
'14323,0.4864962765232117
'14322,0.6783820990644567
'14321,0.8165049923105299
'14320,0.902990465395391
'14335,0.06977882217040085
'14334,0.2325572005201443
'14333,0.4413398120287025
'14332,0.6363203117055828
'14331,0.7846135371274311
'14330,0.8821006185324541
'14345,0.05558602055471726
'14344,0.19641017046467382
'14343,0.3911030932163199
'14342,0.5858165046105465
'14341,0.743502445425379
'14340,0.8533223429416973
'14405,0.07873627453703705
'14404,0.2511499808410494
'14403,0.4623226684485597
'14402,0.6532809450005057
'14401,0.7955165778647336
'14400,0.8879504210594653
'14415,0.07499619662208505
'14414,0.24338551227223362
'14413,0.4533967634136565
'14412,0.6457666484297239
'14411,0.7903405488232411
'14410,0.8848567183434474
'14425,0.06653879139117512
'14424,0.22396780634295457
'14423,0.42891391654209726
'14422,0.6233181140891902
'14421,0.7735989421850032
'14420,0.8740786282783125
'14435,0.055586020554717265
'14434,0.19641017046467382
'14433,0.3911030932163199
'14432,0.5858165046105465
'14431,0.743502445425379
'14430,0.8533223429416975
'14445,0.04474279575993496
'14444,0.16676574859178817
'14443,0.34717339220125343
'14442,0.5390042275310577
'14441,0.7033230152734501
'14440,0.8238063510335283
'20005,0.4444444444444444
'20004,0.7407407407407408
'20003,0.8888888888888888
'20002,0.9547325102880658
'20001,0.9821673525377229
'20000,0.9931412894375858
'20015,0.3611111111111111
'20014,0.6712962962962963
'20013,0.8501157407407407
'20012,0.936599794238683
'20011,0.9744955096879286
'20010,0.9900957272376543
'20025,0.2708333333333333
'20024,0.5711805555555556
'20023,0.7803819444444444
'20022,0.8975453317901234
'20021,0.9552579652134774
'20020,0.9813862867316101
'20035,0.19907407407407407
'20034,0.4722222222222222
'20033,0.6981095679012346
'20032,0.8440822187928669
'20031,0.9253277981395747
'20030,0.9662277717049611
'20045,0.14371141975308643
'20044,0.38032085905349794
'20043,0.6086609975137174
'20042,0.7773978918395633
'20041,0.8831538912763393
'20040,0.9423874282003546
'20105,0.3611111111111111
'20104,0.6712962962962963
'20103,0.8501157407407407
'20102,0.936599794238683
'20101,0.9744955096879286
'20100,0.9900957272376543
'20115,0.3044444444444444
'20114,0.6147407407407408
'20113,0.8145055555555555
'20112,0.9184913991769547
'20111,0.9663609405006859
'20110,0.9867227479252401
'20125,0.2368333333333333
'20124,0.5304472222222223
'20123,0.7508691666666666
'20122,0.8807777391975307
'20121,0.9470237051826131
'20120,0.9777156471379888
'20135,0.17927407407407409
'20134,0.44439888888888895
'20133,0.67515012345679
'20132,0.8295473206447188
'20131,0.917508375840192
'20130,0.962460939417667
'20145,0.1324780864197531
'20144,0.3621430812757202
'20143,0.591754238254458
'20142,0.7655332220864768
'20141,0.876172060733644
'20140,0.938748733769456
'20205,0.2708333333333333
'20204,0.5711805555555556
'20203,0.7803819444444444
'20202,0.8975453317901234
'20201,0.9552579652134774
'20200,0.9813862867316101
'20215,0.2368333333333333
'20214,0.5304472222222223
'20213,0.7508691666666666
'20212,0.8807777391975307
'20211,0.9470237051826131
'20210,0.9777156471379888
'20225,0.18946666666666664
'20224,0.46225111111111117
'20223,0.6931455555555555
'20222,0.8432513024691357
'20221,0.9262692246399176
'20220,0.9674263626383744
'20235,0.1474962962962963
'20234,0.3921592592592593
'20233,0.6257501234567902
'20232,0.7942694739368998
'20231,0.8963649349794238
'20230,0.9512279078183014
'20245,0.11198975308641974
'20244,0.32411888683127577
'20243,0.5518255220507544
'20242,0.7342861828195015
'20241,0.8558720348491274
'20240,0.9271650636049283
'20305,0.19907407407407407
'20304,0.4722222222222222
'20303,0.6981095679012346
'20302,0.8440822187928669
'20301,0.9253277981395747
'20300,0.9662277717049611
'20315,0.17927407407407409
'20314,0.44439888888888895
'20313,0.67515012345679
'20312,0.8295473206447188
'20311,0.917508375840192
'20310,0.962460939417667
'20325,0.1474962962962963
'20324,0.39215925925925926
'20323,0.6257501234567902
'20322,0.7942694739368998
'20321,0.8963649349794238
'20320,0.9512279078183014
'20335,0.11598288888888889
'20334,0.3329767444444445
'20333,0.5628185775925927
'20332,0.7443627302458848
'20331,0.8634840673953704
'20330,0.9321852384191992
'20345,0.08950749938271604
'20344,0.2770776973868313
'20343,0.4968202885584705
'20342,0.6868326889743026
'20341,0.8221672220317705
'20340,0.9062843768169305
'20405,0.14371141975308643
'20404,0.38032085905349794
'20403,0.6086609975137174
'20402,0.7773978918395633
'20401,0.8831538912763393
'20400,0.9423874282003546
'20415,0.1324780864197531
'20414,0.36214308127572015
'20413,0.591754238254458
'20412,0.7655332220864768
'20411,0.876172060733644
'20410,0.938748733769456
'20425,0.11198975308641974
'20424,0.3241188868312757
'20423,0.5518255220507544
'20422,0.7342861828195015
'20421,0.8558720348491274
'20420,0.9271650636049283
'20435,0.08950749938271604
'20434,0.2770776973868313
'20433,0.4968202885584705
'20432,0.6868326889743026
'20431,0.8221672220317705
'20430,0.9062843768169305
'20445,0.06945175453703704
'20444,0.23036696550771607
'20443,0.4366300999263375
'20442,0.6300818223699501
'20441,0.7784200132659991
'20440,0.8770447129552512
'21005,0.3611111111111111
'21004,0.6712962962962963
'21003,0.8501157407407407
'21002,0.936599794238683
'21001,0.9744955096879286
'21000,0.9900957272376543
'21015,0.3044444444444444
'21014,0.6147407407407408
'21013,0.8145055555555555
'21012,0.9184913991769547
'21011,0.9663609405006859
'21010,0.9867227479252401
'21025,0.2368333333333333
'21024,0.5304472222222223
'21023,0.7508691666666666
'21022,0.8807777391975307
'21021,0.9470237051826131
'21020,0.9777156471379888
'21035,0.17927407407407409
'21034,0.44439888888888895
'21033,0.67515012345679
'21032,0.8295473206447188
'21031,0.917508375840192
'21030,0.962460939417667
'21045,0.1324780864197531
'21044,0.3621430812757202
'21043,0.591754238254458
'21042,0.7655332220864768
'21041,0.876172060733644
'21040,0.938748733769456
'21105,0.3044444444444444
'21104,0.6147407407407408
'21103,0.8145055555555555
'21102,0.9184913991769547
'21101,0.9663609405006859
'21100,0.9867227479252401
'21115,0.2633333333333333
'21114,0.567925925925926
'21113,0.782123148148148
'21112,0.9008511008230452
'21111,0.958020117026749
'21110,0.9831284352194789
'21125,0.21061111111111108
'21124,0.4958805555555556
'21123,0.7239980555555555
'21122,0.8646844727366254
'21121,0.9387987056970165
'21120,0.973935884271905
'21135,0.16322716049382716
'21134,0.4201936625514404
'21133,0.6540853840877915
'21132,0.8156629071787836
'21131,0.9098052549430345
'21130,0.958661569710518
'21145,0.12300113168724279
'21144,0.34596533093278464
'21143,0.5760841662379973
'21142,0.7541898314448064
'21141,0.869336321538177
'21140,0.9351206381259819
'21205,0.2368333333333333
'21204,0.5304472222222223
'21203,0.7508691666666666
'21202,0.8807777391975307
'21201,0.9470237051826131
'21200,0.9777156471379888
'21215,0.21061111111111108
'21214,0.4958805555555556
'21213,0.7239980555555555
'21212,0.8646844727366254
'21211,0.9387987056970163
'21210,0.973935884271905
'21225,0.17198518518518516
'21224,0.4362930864197532
'21223,0.6709051440329219
'21222,0.8288157229080931
'21221,0.9183799617226794
'21220,0.9635916435747789
'21235,0.13632016460905347
'21234,0.37357548696845
'21233,0.6082177777777779
'21232,0.781907418648072
'21231,0.8891071311598208
'21230,0.9474735775914526
'21245,0.10510539094650205
'21244,0.3113843189300412
'21243,0.5386356215020577
'21242,0.7241860507512193
'21241,0.8494908318327238
'21240,0.9236407211454202
'21305,0.17927407407407409
'21304,0.44439888888888895
'21303,0.67515012345679
'21302,0.8295473206447188
'21301,0.917508375840192
'21300,0.962460939417667
'21315,0.16322716049382716
'21314,0.4201936625514404
'21313,0.6540853840877915
'21312,0.8156629071787836
'21311,0.9098052549430345
'21310,0.958661569710518
'21325,0.13632016460905347
'21324,0.37357548696845
'21323,0.6082177777777779
'21322,0.781907418648072
'21321,0.8891071311598208
'21320,0.9474735775914526
'21335,0.10872758024691358
'21334,0.3196509419753087
'21333,0.5491166578395063
'21332,0.7339485828750573
'21331,0.8569543190037381
'21330,0.9286065311966474
'21345,0.08492826572930956
'21344,0.2678385229622009
'21343,0.48649627652321165
'21342,0.6783820990644567
'21341,0.8165049923105299
'21340,0.9029904653953911
'21405,0.1324780864197531
'21404,0.3621430812757202
'21403,0.591754238254458
'21402,0.7655332220864768
'21401,0.876172060733644
'21400,0.938748733769456
'21415,0.12300113168724279
'21414,0.34596533093278464
'21413,0.5760841662379973
'21412,0.7541898314448064
'21411,0.869336321538177
'21410,0.9351206381259821
'21425,0.10510539094650205
'21424,0.3113843189300412
'21423,0.5386356215020577
'21422,0.7241860507512193
'21421,0.8494908318327238
'21420,0.9236407211454204
'21435,0.08492826572930956
'21434,0.2678385229622009
'21433,0.48649627652321165
'21432,0.6783820990644567
'21431,0.8165049923105299
'21430,0.9029904653953911
'21445,0.06653879139117513
'21444,0.22396780634295457
'21443,0.42891391654209726
'21442,0.6233181140891902
'21441,0.7735989421850032
'21440,0.8740786282783125
'22005,0.2708333333333333
'22004,0.5711805555555556
'22003,0.7803819444444444
'22002,0.8975453317901234
'22001,0.9552579652134774
'22000,0.9813862867316101
'22015,0.2368333333333333
'22014,0.5304472222222223
'22013,0.7508691666666666
'22012,0.8807777391975307
'22011,0.9470237051826131
'22010,0.9777156471379888
'22025,0.18946666666666664
'22024,0.46225111111111117
'22023,0.6931455555555555
'22022,0.8432513024691357
'22021,0.9262692246399176
'22020,0.9674263626383744
'22035,0.1474962962962963
'22034,0.3921592592592593
'22033,0.6257501234567902
'22032,0.7942694739368998
'22031,0.8963649349794238
'22030,0.9512279078183014
'22045,0.11198975308641974
'22044,0.32411888683127577
'22043,0.5518255220507544
'22042,0.7342861828195015
'22041,0.8558720348491274
'22040,0.9271650636049283
'22105,0.2368333333333333
'22104,0.5304472222222223
'22103,0.7508691666666666
'22102,0.8807777391975307
'22101,0.9470237051826131
'22100,0.9777156471379888
'22115,0.21061111111111108
'22114,0.4958805555555556
'22113,0.7239980555555555
'22112,0.8646844727366254
'22111,0.9387987056970166
'22110,0.9739358842719051
'22125,0.17198518518518516
'22124,0.4362930864197532
'22123,0.6709051440329219
'22122,0.8288157229080931
'22121,0.9183799617226794
'22120,0.9635916435747789
'22135,0.13632016460905347
'22134,0.37357548696845
'22133,0.6082177777777779
'22132,0.7819074186480718
'22131,0.8891071311598208
'22130,0.9474735775914526
'22145,0.10510539094650205
'22144,0.3113843189300412
'22143,0.5386356215020577
'22142,0.7241860507512192
'22141,0.8494908318327236
'22140,0.9236407211454202
'22205,0.18946666666666664
'22204,0.46225111111111117
'22203,0.6931455555555555
'22202,0.8432513024691357
'22201,0.9262692246399176
'22200,0.9674263626383744
'22215,0.17198518518518516
'22214,0.4362930864197531
'22213,0.6709051440329218
'22212,0.8288157229080931
'22211,0.9183799617226794
'22210,0.9635916435747789
'22225,0.14332098765432097
'22224,0.3874644032921812
'22223,0.6236650205761317
'22222,0.7946239391860996
'22221,0.8977539579665829
'22220,0.9526186959734129
'22235,0.11593374485596707
'22234,0.3352648353909466
'22233,0.5678747016460907
'22232,0.7504741393270843
'22231,0.8688839081232854
'22230,0.9360903388074115
'22245,0.09119727709190671
'22244,0.2826466507773206
'22243,0.5057171530959459
'22242,0.6965372640006287
'22241,0.8304629292908952
'22240,0.9122609617236632
'22305,0.1474962962962963
'22304,0.3921592592592593
'22303,0.6257501234567902
'22302,0.7942694739368998
'22301,0.8963649349794238
'22300,0.9512279078183014
'22315,0.13632016460905347
'22314,0.37357548696845
'22313,0.6082177777777779
'22312,0.781907418648072
'22311,0.8891071311598205
'22310,0.9474735775914526
'22325,0.11593374485596707
'22324,0.3352648353909466
'22323,0.5678747016460907
'22322,0.7504741393270843
'22321,0.8688839081232854
'22320,0.9360903388074115
'22335,0.09420939917695471
'22334,0.28988429821673534
'22333,0.5152902864723367
'22332,0.7057683117006173
'22331,0.8377214456796582
'22330,0.917200920749198
'22345,0.07491210115073921
'22344,0.2455007323809887
'22343,0.4591318352446719
'22342,0.6539949867959081
'22341,0.7988184653445298
'22340,0.8919103665595619
'22405,0.11198975308641974
'22404,0.32411888683127577
'22403,0.5518255220507544
'22402,0.7342861828195015
'22401,0.8558720348491274
'22400,0.9271650636049283
'22415,0.10510539094650205
'22414,0.3113843189300412
'22413,0.5386356215020577
'22412,0.7241860507512193
'22411,0.8494908318327238
'22410,0.9236407211454204
'22425,0.09119727709190671
'22424,0.2826466507773206
'22423,0.5057171530959458
'22422,0.6965372640006287
'22421,0.8304629292908952
'22420,0.9122609617236632
'22435,0.07491210115073921
'22434,0.2455007323809887
'22433,0.4591318352446718
'22432,0.6539949867959081
'22431,0.7988184653445298
'22430,0.8919103665595619
'22445,0.05963564770576132
'22444,0.20734557625577277
'22443,0.4070948191789972
'22442,0.6026193346241837
'22441,0.75771210250463
'22440,0.8636000764566568
'23005,0.19907407407407407
'23004,0.4722222222222222
'23003,0.6981095679012346
'23002,0.8440822187928669
'23001,0.9253277981395747
'23000,0.9662277717049611
'23015,0.17927407407407409
'23014,0.44439888888888895
'23013,0.67515012345679
'23012,0.8295473206447188
'23011,0.917508375840192
'23010,0.962460939417667
'23025,0.1474962962962963
'23024,0.39215925925925926
'23023,0.6257501234567902
'23022,0.7942694739368998
'23021,0.8963649349794238
'23020,0.9512279078183014
'23035,0.11598288888888889
'23034,0.3329767444444445
'23033,0.5628185775925927
'23032,0.7443627302458848
'23031,0.8634840673953704
'23030,0.9321852384191992
'23045,0.08950749938271604
'23044,0.2770776973868313
'23043,0.4968202885584705
'23042,0.6868326889743026
'23041,0.8221672220317705
'23040,0.9062843768169305
'23105,0.17927407407407409
'23104,0.44439888888888895
'23103,0.67515012345679
'23102,0.8295473206447188
'23101,0.917508375840192
'23100,0.962460939417667
'23115,0.16322716049382716
'23114,0.4201936625514404
'23113,0.6540853840877915
'23112,0.8156629071787836
'23111,0.9098052549430345
'23110,0.958661569710518
'23125,0.13632016460905347
'23124,0.37357548696845
'23123,0.6082177777777779
'23122,0.781907418648072
'23121,0.8891071311598208
'23120,0.9474735775914526
'23135,0.10872758024691358
'23134,0.3196509419753087
'23133,0.5491166578395063
'23132,0.7339485828750573
'23131,0.8569543190037381
'23130,0.9286065311966474
'23145,0.08492826572930956
'23144,0.26783852296220095
'23143,0.4864962765232117
'23142,0.6783820990644568
'23141,0.8165049923105299
'23140,0.9029904653953911
'23205,0.1474962962962963
'23204,0.39215925925925926
'23203,0.6257501234567902
'23202,0.7942694739368998
'23201,0.8963649349794238
'23200,0.9512279078183014
'23215,0.13632016460905347
'23214,0.37357548696845
'23213,0.6082177777777779
'23212,0.781907418648072
'23211,0.8891071311598205
'23210,0.9474735775914526
'23225,0.11593374485596707
'23224,0.3352648353909466
'23223,0.5678747016460907
'23222,0.7504741393270843
'23221,0.8688839081232854
'23220,0.9360903388074114
'23235,0.09420939917695471
'23234,0.28988429821673534
'23233,0.5152902864723367
'23232,0.7057683117006173
'23231,0.8377214456796582
'23230,0.917200920749198
'23245,0.07491210115073921
'23244,0.2455007323809887
'23243,0.4591318352446719
'23242,0.6539949867959081
'23241,0.7988184653445298
'23240,0.8919103665595619
'23305,0.11598288888888889
'23304,0.3329767444444445
'23303,0.5628185775925927
'23302,0.7443627302458848
'23301,0.8634840673953704
'23300,0.9321852384191992
'23315,0.10872758024691358
'23314,0.3196509419753087
'23313,0.5491166578395063
'23312,0.7339485828750573
'23311,0.856954319003738
'23310,0.9286065311966474
'23325,0.09420939917695471
'23324,0.28988429821673534
'23323,0.5152902864723367
'23322,0.7057683117006173
'23321,0.8377214456796582
'23320,0.917200920749198
'23335,0.07746450589849106
'23334,0.2520417238042982
'23333,0.4682826413113856
'23332,0.6632600372577961
'23331,0.8064186534946464
'23330,0.8972752620656165
'23345,0.062422006044810234
'23344,0.21501068648925473
'23343,0.41852990860501205
'23342,0.6148933780696672
'23341,0.7683301921459084
'23340,0.8714670113214532
'23405,0.08950749938271604
'23404,0.2770776973868313
'23403,0.4968202885584705
'23402,0.6868326889743026
'23401,0.8221672220317705
'23400,0.9062843768169305
'23415,0.08492826572930955
'23414,0.26783852296220095
'23413,0.4864962765232117
'23412,0.6783820990644568
'23411,0.8165049923105299
'23410,0.9029904653953911
'23425,0.07491210115073921
'23424,0.2455007323809887
'23423,0.4591318352446718
'23422,0.6539949867959081
'23421,0.7988184653445298
'23420,0.8919103665595619
'23435,0.062422006044810234
'23434,0.2150106864892547
'23433,0.418529908605012
'23432,0.6148933780696672
'23431,0.7683301921459084
'23430,0.8714670113214532
'23445,0.05041461439915155
'23444,0.18320040343122704
'23443,0.3728313402735967
'23442,0.5676578856195547
'23441,0.7289771683312147
'23440,0.843383436948988
'24005,0.14371141975308643
'24004,0.38032085905349794
'24003,0.6086609975137174
'24002,0.7773978918395633
'24001,0.8831538912763393
'24000,0.9423874282003546
'24015,0.1324780864197531
'24014,0.36214308127572015
'24013,0.591754238254458
'24012,0.7655332220864768
'24011,0.876172060733644
'24010,0.938748733769456
'24025,0.11198975308641974
'24024,0.3241188868312757
'24023,0.5518255220507544
'24022,0.7342861828195015
'24021,0.8558720348491274
'24020,0.9271650636049283
'24035,0.08950749938271604
'24034,0.2770776973868313
'24033,0.4968202885584705
'24032,0.6868326889743026
'24031,0.8221672220317705
'24030,0.9062843768169305
'24045,0.06945175453703704
'24044,0.23036696550771607
'24043,0.4366300999263375
'24042,0.6300818223699501
'24041,0.7784200132659991
'24040,0.8770447129552512
'24105,0.1324780864197531
'24104,0.36214308127572015
'24103,0.591754238254458
'24102,0.7655332220864768
'24101,0.876172060733644
'24100,0.938748733769456
'24115,0.1230011316872428
'24114,0.34596533093278464
'24113,0.5760841662379973
'24112,0.7541898314448064
'24111,0.869336321538177
'24110,0.9351206381259821
'24125,0.10510539094650205
'24124,0.31138431893004115
'24123,0.5386356215020577
'24122,0.7241860507512193
'24121,0.8494908318327238
'24120,0.9236407211454202
'24135,0.08492826572930956
'24134,0.2678385229622009
'24133,0.4864962765232117
'24132,0.6783820990644567
'24131,0.8165049923105299
'24130,0.902990465395391
'24145,0.06653879139117513
'24144,0.22396780634295457
'24143,0.42891391654209726
'24142,0.6233181140891902
'24141,0.7735989421850032
'24140,0.8740786282783125
'24205,0.11198975308641974
'24204,0.3241188868312757
'24203,0.5518255220507544
'24202,0.7342861828195015
'24201,0.8558720348491274
'24200,0.9271650636049283
'24215,0.10510539094650205
'24214,0.31138431893004115
'24213,0.5386356215020576
'24212,0.7241860507512193
'24211,0.8494908318327238
'24210,0.9236407211454202
'24225,0.09119727709190671
'24224,0.2826466507773206
'24223,0.5057171530959458
'24222,0.6965372640006287
'24221,0.8304629292908952
'24220,0.9122609617236629
'24235,0.07491210115073921
'24234,0.2455007323809887
'24233,0.4591318352446718
'24232,0.6539949867959081
'24231,0.7988184653445298
'24230,0.8919103665595619
'24245,0.05963564770576132
'24244,0.20734557625577277
'24243,0.4070948191789972
'24242,0.6026193346241837
'24241,0.75771210250463
'24240,0.8636000764566568
'24305,0.08950749938271604
'24304,0.2770776973868313
'24303,0.4968202885584705
'24302,0.6868326889743026
'24301,0.8221672220317705
'24300,0.9062843768169305
'24315,0.08492826572930955
'24314,0.2678385229622009
'24313,0.4864962765232117
'24312,0.6783820990644568
'24311,0.8165049923105299
'24310,0.902990465395391
'24325,0.07491210115073921
'24324,0.2455007323809887
'24323,0.4591318352446719
'24322,0.6539949867959081
'24321,0.7988184653445298
'24320,0.8919103665595619
'24335,0.062422006044810234
'24334,0.2150106864892547
'24333,0.418529908605012
'24332,0.6148933780696672
'24331,0.7683301921459084
'24330,0.8714670113214532
'24345,0.05041461439915155
'24344,0.18320040343122704
'24343,0.3728313402735967
'24342,0.5676578856195547
'24341,0.7289771683312147
'24340,0.843383436948988
'24405,0.06945175453703704
'24404,0.23036696550771607
'24403,0.4366300999263375
'24402,0.6300818223699501
'24401,0.7784200132659991
'24400,0.8770447129552512
'24415,0.06653879139117512
'24414,0.22396780634295457
'24413,0.42891391654209726
'24412,0.6233181140891902
'24411,0.7735989421850032
'24410,0.8740786282783125
'24425,0.05963564770576132
'24424,0.20734557625577277
'24423,0.4070948191789971
'24422,0.6026193346241836
'24421,0.7577121025046298
'24420,0.8636000764566566
'24435,0.05041461439915155
'24434,0.18320040343122704
'24433,0.3728313402735966
'24432,0.5676578856195547
'24431,0.7289771683312147
'24430,0.843383436948988
'24445,0.041066875559423524
'24444,0.15677237297935329
'24443,0.3325451877124989
'24442,0.5236968262869626
'24441,0.690488085814212
'24440,0.8146380307739487
'30005,0.2962962962962963
'30004,0.5925925925925927
'30003,0.7901234567901234
'30002,0.8998628257887518
'30001,0.9547325102880659
'30000,0.9803383630544126
'30015,0.25462962962962965
'30014,0.5474537037037037
'30013,0.7594521604938271
'30012,0.8831286436899862
'30011,0.9467130433384774
'30010,0.9768107152170495
'30025,0.19907407407407407
'30024,0.4722222222222222
'30023,0.6981095679012346
'30022,0.8440822187928669
'30021,0.9253277981395747
'30020,0.9662277717049611
'30035,0.14930555555555555
'30034,0.3914930555555555
'30033,0.6214554398148148
'30032,0.788425524048354
'30031,0.8911022296167694
'30030,0.9474463861829132
'30045,0.1105806327160494
'30044,0.3184719007201646
'30043,0.542510944465878
'30042,0.7241899711005373
'30041,0.8473870804026039
'30040,0.9211668202421963
'30105,0.25462962962962965
'30104,0.5474537037037037
'30103,0.7594521604938271
'30102,0.8831286436899862
'30101,0.9467130433384774
'30100,0.9768107152170495
'30115,0.22362962962962962
'30114,0.5096037037037038
'30113,0.7315038271604937
'30112,0.8669487825788751
'30111,0.9386193500514404
'30110,0.973137255267204
'30125,0.17927407407407409
'30124,0.4443988888888889
'30123,0.67515012345679
'30122,0.8295473206447188
'30121,0.917508375840192
'30120,0.962460939417667
'30135,0.13742555555555555
'30134,0.37242305555555555
'30133,0.6038657731481482
'30132,0.7761866518261316
'30131,0.8839628017926954
'30130,0.9437584012457219
'30145,0.10358196604938272
'30144,0.3058086118312758
'30143,0.5295610681695816
'30142,0.7143315130017718
'30141,0.8411632515446821
'30140,0.9177191216095556
'30205,0.19907407407407407
'30204,0.4722222222222222
'30203,0.6981095679012346
'30202,0.8440822187928669
'30201,0.9253277981395747
'30200,0.9662277717049611
'30215,0.17927407407407409
'30214,0.44439888888888895
'30213,0.67515012345679
'30212,0.8295473206447188
'30211,0.917508375840192
'30210,0.962460939417667
'30225,0.1474962962962963
'30224,0.39215925925925926
'30223,0.6257501234567902
'30222,0.7942694739368998
'30221,0.8963649349794238
'30220,0.9512279078183014
'30235,0.11598288888888889
'30234,0.3329767444444445
'30233,0.5628185775925927
'30232,0.7443627302458848
'30231,0.8634840673953704
'30230,0.9321852384191992
'30245,0.08950749938271604
'30244,0.2770776973868313
'30243,0.4968202885584705
'30242,0.6868326889743026
'30241,0.8221672220317705
'30240,0.9062843768169305
'30305,0.14930555555555555
'30304,0.3914930555555555
'30303,0.6214554398148148
'30302,0.788425524048354
'30301,0.8911022296167694
'30300,0.9474463861829132
'30315,0.13742555555555555
'30314,0.37242305555555555
'30313,0.6038657731481482
'30312,0.7761866518261316
'30311,0.8839628017926954
'30310,0.9437584012457219
'30325,0.11598288888888889
'30324,0.3329767444444445
'30323,0.5628185775925927
'30322,0.7443627302458848
'30321,0.8634840673953704
'30320,0.9321852384191992
'30335,0.0927863111111111
'30334,0.2849386577777778
'30333,0.5072425936296298
'30332,0.6969387029226338
'30331,0.8301749945008231
'30330,0.911783189635524
'30345,0.07291752419753086
'30344,0.23939004690534982
'30343,0.44950316225631004
'30342,0.6434091892100365
'30341,0.7896187244550448
'30340,0.8851507714719908
'30405,0.1105806327160494
'30404,0.3184719007201646
'30403,0.542510944465878
'30402,0.7241899711005373
'30401,0.8473870804026039
'30400,0.9211668202421963
'30415,0.10358196604938272
'30414,0.30580861183127567
'30413,0.5295610681695816
'30412,0.7143315130017718
'30411,0.8411632515446821
'30410,0.9177191216095556
'30425,0.08950749938271604
'30424,0.2770776973868313
'30423,0.4968202885584706
'30422,0.6868326889743026
'30421,0.8221672220317705
'30420,0.9062843768169305
'30435,0.07291752419753086
'30434,0.23939004690534982
'30433,0.44950316225631004
'30432,0.6434091892100365
'30431,0.7896187244550448
'30430,0.8851507714719908
'30445,0.057640865425925926
'30444,0.2012355943299383
'30443,0.3972750362050411
'30442,0.5915168852410202
'30441,0.7477586143744308
'30440,0.8560511283491309
'31005,0.25462962962962965
'31004,0.5474537037037037
'31003,0.7594521604938271
'31002,0.8831286436899862
'31001,0.9467130433384774
'31000,0.9768107152170495
'31015,0.22362962962962962
'31014,0.5096037037037038
'31013,0.7315038271604937
'31012,0.8669487825788751
'31011,0.9386193500514404
'31010,0.973137255267204
'31025,0.17927407407407409
'31024,0.4443988888888889
'31023,0.67515012345679
'31022,0.8295473206447188
'31021,0.917508375840192
'31020,0.962460939417667
'31035,0.13742555555555555
'31034,0.37242305555555555
'31033,0.6038657731481482
'31032,0.7761866518261316
'31031,0.8839628017926954
'31030,0.9437584012457219
'31045,0.10358196604938272
'31044,0.3058086118312758
'31043,0.5295610681695816
'31042,0.7143315130017718
'31041,0.8411632515446821
'31040,0.9177191216095556
'31105,0.22362962962962962
'31104,0.5096037037037038
'31103,0.7315038271604937
'31102,0.8669487825788751
'31101,0.9386193500514404
'31100,0.973137255267204
'31115,0.19959259259259257
'31114,0.47737592592592604
'31113,0.7060222839506172
'31112,0.8514284722222222
'31111,0.9305544594050069
'31110,0.9693705159409295
'31125,0.16322716049382716
'31124,0.42019366255144036
'31123,0.6540853840877915
'31122,0.8156629071787836
'31121,0.9098052549430345
'31120,0.958661569710518
'31135,0.1274220987654321
'31134,0.3554748662551441
'31133,0.5875770941358025
'31132,0.7644898532207361
'31131,0.8769718702725383
'31130,0.9400788969825894
'31145,0.09750154355281206
'31144,0.2943389717764061
'31143,0.5174499104375286
'31142,0.7048804123878919
'31141,0.8350811629267515
'31140,0.9142996397061706
'31205,0.17927407407407409
'31204,0.4443988888888889
'31203,0.67515012345679
'31202,0.8295473206447188
'31201,0.917508375840192
'31200,0.962460939417667
'31215,0.16322716049382716
'31214,0.42019366255144036
'31213,0.6540853840877915
'31212,0.8156629071787836
'31211,0.9098052549430345
'31210,0.958661569710518
'31225,0.13632016460905347
'31224,0.37357548696845
'31223,0.6082177777777779
'31222,0.781907418648072
'31221,0.8891071311598208
'31220,0.9474735775914526
'31235,0.10872758024691358
'31234,0.3196509419753087
'31233,0.5491166578395063
'31232,0.7339485828750573
'31231,0.8569543190037381
'31230,0.9286065311966474
'31245,0.08492826572930955
'31244,0.26783852296220095
'31243,0.48649627652321165
'31242,0.6783820990644567
'31241,0.8165049923105299
'31240,0.9029904653953911
'31305,0.13742555555555555
'31304,0.37242305555555555
'31303,0.6038657731481482
'31302,0.7761866518261316
'31301,0.8839628017926954
'31300,0.9437584012457219
'31315,0.1274220987654321
'31314,0.3554748662551441
'31313,0.5875770941358025
'31312,0.764489853220736
'31311,0.8769718702725383
'31310,0.9400788969825894
'31325,0.10872758024691358
'31324,0.3196509419753087
'31323,0.5491166578395063
'31322,0.7339485828750573
'31321,0.8569543190037381
'31320,0.9286065311966474
'31335,0.08794943868312756
'31334,0.2752486440603567
'31333,0.49649297817466853
'31332,0.688204335432922
'31331,0.8243661009914495
'31330,0.9084292359022604
'31345,0.06977882217040084
'31344,0.2325572005201443
'31343,0.4413398120287025
'31342,0.6363203117055828
'31341,0.7846135371274311
'31340,0.882100618532454
'31405,0.10358196604938272
'31404,0.3058086118312758
'31403,0.5295610681695816
'31402,0.7143315130017718
'31401,0.8411632515446821
'31400,0.9177191216095556
'31415,0.09750154355281206
'31414,0.29433897177640606
'31413,0.5174499104375286
'31412,0.7048804123878919
'31411,0.8350811629267517
'31410,0.9142996397061708
'31425,0.08492826572930955
'31424,0.2678385229622009
'31423,0.4864962765232117
'31422,0.6783820990644568
'31421,0.8165049923105299
'31420,0.9029904653953911
'31435,0.06977882217040085
'31434,0.2325572005201443
'31433,0.4413398120287025
'31432,0.6363203117055828
'31431,0.7846135371274311
'31430,0.8821006185324541
'31445,0.05558602055471726
'31444,0.19641017046467382
'31443,0.3911030932163199
'31442,0.5858165046105464
'31441,0.743502445425379
'31440,0.8533223429416973
'32005,0.19907407407407407
'32004,0.4722222222222222
'32003,0.6981095679012346
'32002,0.8440822187928669
'32001,0.9253277981395747
'32000,0.9662277717049611
'32015,0.17927407407407409
'32014,0.44439888888888895
'32013,0.67515012345679
'32012,0.8295473206447188
'32011,0.917508375840192
'32010,0.962460939417667
'32025,0.1474962962962963
'32024,0.39215925925925926
'32023,0.6257501234567902
'32022,0.7942694739368998
'32021,0.8963649349794238
'32020,0.9512279078183014
'32035,0.11598288888888889
'32034,0.3329767444444445
'32033,0.5628185775925927
'32032,0.7443627302458848
'32031,0.8634840673953704
'32030,0.9321852384191992
'32045,0.08950749938271604
'32044,0.2770776973868313
'32043,0.4968202885584705
'32042,0.6868326889743026
'32041,0.8221672220317705
'32040,0.9062843768169305
'32105,0.17927407407407409
'32104,0.44439888888888895
'32103,0.67515012345679
'32102,0.8295473206447188
'32101,0.917508375840192
'32100,0.962460939417667
'32115,0.16322716049382716
'32114,0.4201936625514404
'32113,0.6540853840877915
'32112,0.8156629071787836
'32111,0.9098052549430345
'32110,0.958661569710518
'32125,0.13632016460905347
'32124,0.37357548696845
'32123,0.6082177777777779
'32122,0.781907418648072
'32121,0.8891071311598208
'32120,0.9474735775914526
'32135,0.10872758024691358
'32134,0.3196509419753087
'32133,0.5491166578395063
'32132,0.7339485828750573
'32131,0.8569543190037381
'32130,0.9286065311966474
'32145,0.08492826572930956
'32144,0.26783852296220095
'32143,0.4864962765232117
'32142,0.6783820990644568
'32141,0.8165049923105299
'32140,0.9029904653953911
'32205,0.1474962962962963
'32204,0.39215925925925926
'32203,0.6257501234567902
'32202,0.7942694739368998
'32201,0.8963649349794238
'32200,0.9512279078183014
'32215,0.13632016460905347
'32214,0.37357548696845
'32213,0.6082177777777779
'32212,0.781907418648072
'32211,0.8891071311598205
'32210,0.9474735775914526
'32225,0.11593374485596707
'32224,0.3352648353909466
'32223,0.5678747016460907
'32222,0.7504741393270843
'32221,0.8688839081232854
'32220,0.9360903388074114
'32235,0.09420939917695471
'32234,0.28988429821673534
'32233,0.5152902864723367
'32232,0.7057683117006173
'32231,0.8377214456796582
'32230,0.917200920749198
'32245,0.07491210115073921
'32244,0.2455007323809887
'32243,0.4591318352446719
'32242,0.6539949867959081
'32241,0.7988184653445298
'32240,0.8919103665595619
'32305,0.11598288888888889
'32304,0.3329767444444445
'32303,0.5628185775925927
'32302,0.7443627302458848
'32301,0.8634840673953704
'32300,0.9321852384191992
'32315,0.10872758024691358
'32314,0.3196509419753087
'32313,0.5491166578395063
'32312,0.7339485828750573
'32311,0.856954319003738
'32310,0.9286065311966474
'32325,0.09420939917695471
'32324,0.28988429821673534
'32323,0.5152902864723367
'32322,0.7057683117006173
'32321,0.8377214456796582
'32320,0.917200920749198
'32335,0.07746450589849106
'32334,0.2520417238042982
'32333,0.4682826413113856
'32332,0.6632600372577961
'32331,0.8064186534946464
'32330,0.8972752620656165
'32345,0.062422006044810234
'32344,0.21501068648925473
'32343,0.41852990860501205
'32342,0.6148933780696672
'32341,0.7683301921459084
'32340,0.8714670113214532
'32405,0.08950749938271604
'32404,0.2770776973868313
'32403,0.4968202885584705
'32402,0.6868326889743026
'32401,0.8221672220317705
'32400,0.9062843768169305
'32415,0.08492826572930955
'32414,0.26783852296220095
'32413,0.4864962765232117
'32412,0.6783820990644568
'32411,0.8165049923105299
'32410,0.9029904653953911
'32425,0.07491210115073921
'32424,0.2455007323809887
'32423,0.4591318352446718
'32422,0.6539949867959081
'32421,0.7988184653445298
'32420,0.8919103665595619
'32435,0.062422006044810234
'32434,0.2150106864892547
'32433,0.418529908605012
'32432,0.6148933780696672
'32431,0.7683301921459084
'32430,0.8714670113214532
'32445,0.05041461439915155
'32444,0.18320040343122704
'32443,0.3728313402735967
'32442,0.5676578856195547
'32441,0.7289771683312147
'32440,0.843383436948988
'33005,0.14930555555555555
'33004,0.3914930555555555
'33003,0.6214554398148148
'33002,0.788425524048354
'33001,0.8911022296167694
'33000,0.9474463861829132
'33015,0.13742555555555555
'33014,0.37242305555555555
'33013,0.6038657731481482
'33012,0.7761866518261316
'33011,0.8839628017926954
'33010,0.9437584012457219
'33025,0.11598288888888889
'33024,0.3329767444444445
'33023,0.5628185775925927
'33022,0.7443627302458848
'33021,0.8634840673953704
'33020,0.9321852384191992
'33035,0.0927863111111111
'33034,0.2849386577777778
'33033,0.5072425936296298
'33032,0.6969387029226338
'33031,0.8301749945008231
'33030,0.911783189635524
'33045,0.07291752419753086
'33044,0.23939004690534982
'33043,0.44950316225631004
'33042,0.6434091892100365
'33041,0.7896187244550448
'33040,0.8851507714719908
'33105,0.13742555555555555
'33104,0.37242305555555555
'33103,0.6038657731481482
'33102,0.7761866518261316
'33101,0.8839628017926954
'33100,0.9437584012457219
'33115,0.1274220987654321
'33114,0.3554748662551441
'33113,0.5875770941358025
'33112,0.764489853220736
'33111,0.8769718702725383
'33110,0.9400788969825894
'33125,0.10872758024691358
'33124,0.3196509419753087
'33123,0.5491166578395063
'33122,0.7339485828750573
'33121,0.8569543190037381
'33120,0.9286065311966474
'33135,0.08794943868312756
'33134,0.2752486440603567
'33133,0.49649297817466853
'33132,0.688204335432922
'33131,0.8243661009914495
'33130,0.9084292359022604
'33145,0.06977882217040085
'33144,0.2325572005201443
'33143,0.4413398120287025
'33142,0.6363203117055828
'33141,0.7846135371274311
'33140,0.882100618532454
'33205,0.11598288888888889
'33204,0.3329767444444445
'33203,0.5628185775925927
'33202,0.7443627302458848
'33201,0.8634840673953704
'33200,0.9321852384191992
'33215,0.10872758024691358
'33214,0.3196509419753087
'33213,0.5491166578395063
'33212,0.7339485828750573
'33211,0.856954319003738
'33210,0.9286065311966474
'33225,0.09420939917695471
'33224,0.28988429821673534
'33223,0.5152902864723367
'33222,0.7057683117006173
'33221,0.8377214456796582
'33220,0.9172009207491977
'33235,0.07746450589849106
'33234,0.2520417238042982
'33233,0.4682826413113856
'33232,0.6632600372577961
'33231,0.8064186534946464
'33230,0.8972752620656164
'33245,0.062422006044810234
'33244,0.21501068648925473
'33243,0.41852990860501205
'33242,0.6148933780696672
'33241,0.7683301921459084
'33240,0.8714670113214532
'33305,0.0927863111111111
'33304,0.2849386577777778
'33303,0.5072425936296298
'33302,0.6969387029226338
'33301,0.8301749945008231
'33300,0.911783189635524
'33315,0.08794943868312756
'33314,0.2752486440603567
'33313,0.49649297817466853
'33312,0.6882043354329218
'33311,0.8243661009914495
'33310,0.9084292359022604
'33325,0.07746450589849106
'33324,0.2520417238042982
'33323,0.4682826413113856
'33322,0.663260037257796
'33321,0.8064186534946464
'33320,0.8972752620656164
'33335,0.06455375491540923
'33334,0.22079372898948335
'33333,0.4270344892577352
'33332,0.6238891125911193
'33331,0.7759970633440586
'33330,0.8770622289453568
'33345,0.05272892132754153
'33344,0.18989140646237876
'33343,0.3832583517988142
'33342,0.5792861185316757
'33341,0.739378470276253
'33340,0.8513173270218877
'33405,0.07291752419753086
'33404,0.23939004690534982
'33403,0.44950316225631004
'33402,0.6434091892100365
'33401,0.7896187244550448
'33400,0.8851507714719908
'33415,0.06977882217040084
'33414,0.2325572005201443
'33413,0.4413398120287025
'33412,0.6363203117055828
'33411,0.7846135371274311
'33410,0.882100618532454
'33425,0.062422006044810234
'33424,0.2150106864892547
'33423,0.418529908605012
'33422,0.6148933780696672
'33421,0.7683301921459084
'33420,0.8714670113214531
'33435,0.05272892132754153
'33434,0.1898914064623787
'33433,0.3832583517988142
'33432,0.5792861185316757
'33431,0.7393784702762529
'33430,0.8513173270218877
'33445,0.043169332130154614
'33444,0.16320739306329082
'33443,0.3431075215011545
'33442,0.5360469413892152
'33441,0.7020227814800672
'33440,0.8237902727406178
'34005,0.1105806327160494
'34004,0.3184719007201646
'34003,0.542510944465878
'34002,0.7241899711005373
'34001,0.8473870804026039
'34000,0.9211668202421963
'34015,0.10358196604938272
'34014,0.30580861183127567
'34013,0.5295610681695816
'34012,0.7143315130017718
'34011,0.8411632515446821
'34010,0.9177191216095556
'34025,0.08950749938271604
'34024,0.2770776973868313
'34023,0.4968202885584706
'34022,0.6868326889743026
'34021,0.8221672220317705
'34020,0.9062843768169305
'34035,0.07291752419753086
'34034,0.23939004690534982
'34033,0.44950316225631004
'34032,0.6434091892100365
'34031,0.7896187244550448
'34030,0.8851507714719908
'34045,0.057640865425925926
'34044,0.2012355943299383
'34043,0.3972750362050411
'34042,0.5915168852410202
'34041,0.7477586143744308
'34040,0.8560511283491309
'34105,0.10358196604938272
'34104,0.30580861183127567
'34103,0.5295610681695816
'34102,0.7143315130017718
'34101,0.8411632515446821
'34100,0.9177191216095556
'34115,0.09750154355281208
'34114,0.29433897177640606
'34113,0.5174499104375286
'34112,0.7048804123878919
'34111,0.8350811629267517
'34110,0.9142996397061708
'34125,0.08492826572930956
'34124,0.2678385229622009
'34123,0.4864962765232117
'34122,0.6783820990644568
'34121,0.8165049923105299
'34120,0.9029904653953911
'34135,0.06977882217040084
'34134,0.2325572005201443
'34133,0.4413398120287025
'34132,0.6363203117055828
'34131,0.7846135371274311
'34130,0.8821006185324541
'34145,0.055586020554717265
'34144,0.19641017046467382
'34143,0.3911030932163199
'34142,0.5858165046105465
'34141,0.743502445425379
'34140,0.8533223429416973
'34205,0.08950749938271604
'34204,0.2770776973868313
'34203,0.4968202885584706
'34202,0.6868326889743026
'34201,0.8221672220317705
'34200,0.9062843768169305
'34215,0.08492826572930955
'34214,0.26783852296220084
'34213,0.48649627652321165
'34212,0.6783820990644567
'34211,0.8165049923105299
'34210,0.9029904653953911
'34225,0.07491210115073921
'34224,0.2455007323809887
'34223,0.4591318352446718
'34222,0.6539949867959081
'34221,0.7988184653445298
'34220,0.8919103665595617
'34235,0.062422006044810234
'34234,0.2150106864892547
'34233,0.418529908605012
'34232,0.6148933780696672
'34231,0.7683301921459084
'34230,0.8714670113214531
'34245,0.05041461439915155
'34244,0.18320040343122704
'34243,0.3728313402735967
'34242,0.5676578856195547
'34241,0.7289771683312147
'34240,0.843383436948988
'34305,0.07291752419753086
'34304,0.23939004690534982
'34303,0.44950316225631004
'34302,0.6434091892100365
'34301,0.7896187244550448
'34300,0.8851507714719908
'34315,0.06977882217040084
'34314,0.2325572005201443
'34313,0.4413398120287025
'34312,0.6363203117055828
'34311,0.7846135371274311
'34310,0.882100618532454
'34325,0.062422006044810234
'34324,0.2150106864892547
'34323,0.418529908605012
'34322,0.6148933780696672
'34321,0.7683301921459084
'34320,0.8714670113214531
'34335,0.05272892132754153
'34334,0.1898914064623787
'34333,0.3832583517988142
'34332,0.5792861185316757
'34331,0.7393784702762529
'34330,0.8513173270218877
'34345,0.043169332130154614
'34344,0.16320739306329082
'34343,0.3431075215011545
'34342,0.5360469413892152
'34341,0.7020227814800672
'34340,0.8237902727406178
'34405,0.057640865425925926
'34404,0.2012355943299383
'34403,0.3972750362050411
'34402,0.5915168852410202
'34401,0.7477586143744308
'34400,0.8560511283491309
'34415,0.05558602055471726
'34414,0.19641017046467382
'34413,0.39110309321632
'34412,0.5858165046105465
'34411,0.743502445425379
'34410,0.8533223429416973
'34425,0.05041461439915154
'34424,0.18320040343122704
'34423,0.3728313402735966
'34422,0.5676578856195547
'34421,0.7289771683312147
'34420,0.843383436948988
'34435,0.043169332130154614
'34434,0.1632073930632908
'34433,0.34310752150115437
'34432,0.5360469413892152
'34431,0.7020227814800672
'34430,0.8237902727406178
'34445,0.03562403401334033
'34444,0.14087099654097615
'34443,0.3076410450430155
'34442,0.49592093948113986
'34441,0.6657500252026035
'34440,0.7959248578231706
'40005,0.19753086419753085
'40004,0.46090534979423875
'40003,0.6803840877914952
'40002,0.8267032464563329
'40001,0.9120560890108216
'40000,0.9575776050398822
'40015,0.17669753086419754
'40014,0.43312757201646096
'40013,0.6581039951989026
'40012,0.812766132258802
'40011,0.9045620769866446
'40010,0.9539402781151565
'40025,0.14371141975308643
'40024,0.38032085905349794
'40023,0.6086609975137174
'40022,0.7773978918395633
'40021,0.8831538912763393
'40020,0.9423874282003546
'40035,0.1105806327160494
'40034,0.3184719007201646
'40033,0.542510944465878
'40032,0.7241899711005373
'40031,0.8473870804026039
'40030,0.9211668202421963
'40045,0.08293547453703705
'40044,0.2595877941743827
'40043,0.4717801568930042
'40042,0.661087517548654
'40041,0.8008121896891164
'40040,0.8910781626039264
'40105,0.17669753086419754
'40104,0.43312757201646096
'40103,0.6581039951989026
'40102,0.812766132258802
'40101,0.9045620769866446
'40100,0.9539402781151565
'40115,0.16013086419753086
'40114,0.40911868312757205
'40113,0.637666865569273
'40112,0.7994193390489255
'40111,0.897156438625019
'40110,0.9502623010779481
'40125,0.1324780864197531
'40124,0.36214308127572015
'40123,0.591754238254458
'40122,0.7655332220864768
'40121,0.876172060733644
'40120,0.938748733769456
'40135,0.10358196604938272
'40134,0.30580861183127567
'40133,0.5295610681695816
'40132,0.7143315130017718
'40131,0.8411632515446821
'40130,0.9177191216095556
'40145,0.07873627453703705
'40144,0.2511499808410494
'40143,0.4623226684485597
'40142,0.6532809450005057
'40141,0.7955165778647336
'40140,0.8879504210594653
'40205,0.14371141975308643
'40204,0.38032085905349794
'40203,0.6086609975137174
'40202,0.7773978918395633
'40201,0.8831538912763393
'40200,0.9423874282003546
'40215,0.1324780864197531
'40214,0.36214308127572015
'40213,0.591754238254458
'40212,0.7655332220864768
'40211,0.876172060733644
'40210,0.938748733769456
'40225,0.11198975308641974
'40224,0.3241188868312757
'40223,0.5518255220507544
'40222,0.7342861828195015
'40221,0.8558720348491274
'40220,0.9271650636049283
'40235,0.08950749938271604
'40234,0.2770776973868313
'40233,0.4968202885584705
'40232,0.6868326889743026
'40231,0.8221672220317705
'40230,0.9062843768169305
'40245,0.06945175453703704
'40244,0.23036696550771607
'40243,0.4366300999263375
'40242,0.6300818223699501
'40241,0.7784200132659991
'40240,0.8770447129552512
'40305,0.1105806327160494
'40304,0.3184719007201646
'40303,0.542510944465878
'40302,0.7241899711005373
'40301,0.8473870804026039
'40300,0.9211668202421963
'40315,0.10358196604938272
'40314,0.30580861183127567
'40313,0.5295610681695816
'40312,0.7143315130017718
'40311,0.8411632515446821
'40310,0.9177191216095556
'40325,0.08950749938271604
'40324,0.2770776973868313
'40323,0.4968202885584706
'40322,0.6868326889743026
'40321,0.8221672220317705
'40320,0.9062843768169305
'40335,0.07291752419753086
'40334,0.23939004690534982
'40333,0.44950316225631004
'40332,0.6434091892100365
'40331,0.7896187244550448
'40330,0.8851507714719908
'40345,0.057640865425925926
'40344,0.2012355943299383
'40343,0.3972750362050411
'40342,0.5915168852410202
'40341,0.7477586143744308
'40340,0.8560511283491309
'40405,0.08293547453703705
'40404,0.2595877941743827
'40403,0.4717801568930042
'40402,0.661087517548654
'40401,0.8008121896891164
'40400,0.8910781626039264
'40415,0.07873627453703705
'40414,0.25114998084104934
'40413,0.4623226684485596
'40412,0.6532809450005057
'40411,0.7955165778647337
'40410,0.8879504210594653
'40425,0.06945175453703704
'40424,0.23036696550771601
'40423,0.4366300999263375
'40422,0.6300818223699501
'40421,0.7784200132659991
'40420,0.8770447129552512
'40435,0.057640865425925926
'40434,0.2012355943299383
'40433,0.3972750362050411
'40432,0.5915168852410202
'40431,0.7477586143744308
'40430,0.8560511283491309
'40445,0.04611269234074074
'40444,0.17021101393209878
'40443,0.3518622317504526
'40442,0.5435859545429067
'40441,0.706924082408126
'40440,0.8262257191609299
'41005,0.17669753086419754
'41004,0.43312757201646096
'41003,0.6581039951989026
'41002,0.812766132258802
'41001,0.9045620769866446
'41000,0.9539402781151565
'41015,0.16013086419753086
'41014,0.40911868312757205
'41013,0.637666865569273
'41012,0.7994193390489255
'41011,0.897156438625019
'41010,0.9502623010779481
'41025,0.1324780864197531
'41024,0.36214308127572015
'41023,0.591754238254458
'41022,0.7655332220864768
'41021,0.876172060733644
'41020,0.938748733769456
'41035,0.10358196604938272
'41034,0.30580861183127567
'41033,0.5295610681695816
'41032,0.7143315130017718
'41031,0.8411632515446821
'41030,0.9177191216095556
'41045,0.07873627453703705
'41044,0.2511499808410494
'41043,0.4623226684485597
'41042,0.6532809450005057
'41041,0.7955165778647336
'41040,0.8879504210594653
'41105,0.16013086419753086
'41104,0.40911868312757205
'41103,0.637666865569273
'41102,0.7994193390489255
'41101,0.897156438625019
'41100,0.9502623010779481
'41115,0.14659629629629628
'41114,0.38811736625514404
'41113,0.6188604218106996
'41112,0.7866625639003201
'41111,0.8898734664308985
'41110,0.9465669002577668
'41125,0.1230011316872428
'41124,0.34596533093278464
'41123,0.5760841662379973
'41122,0.7541898314448064
'41121,0.869336321538177
'41120,0.9351206381259819
'41135,0.09750154355281208
'41134,0.29433897177640606
'41133,0.5174499104375286
'41132,0.7048804123878919
'41131,0.8350811629267517
'41130,0.9142996397061706
'41145,0.07499619662208505
'41144,0.24338551227223368
'41143,0.4533967634136564
'41142,0.6457666484297239
'41141,0.7903405488232411
'41140,0.8848567183434474
'41205,0.1324780864197531
'41204,0.36214308127572015
'41203,0.591754238254458
'41202,0.7655332220864768
'41201,0.876172060733644
'41200,0.938748733769456
'41215,0.12300113168724279
'41214,0.3459653309327846
'41213,0.5760841662379971
'41212,0.7541898314448064
'41211,0.869336321538177
'41210,0.9351206381259819
'41225,0.10510539094650205
'41224,0.31138431893004115
'41223,0.5386356215020576
'41222,0.7241860507512193
'41221,0.8494908318327238
'41220,0.9236407211454202
'41235,0.08492826572930956
'41234,0.2678385229622009
'41233,0.48649627652321165
'41232,0.6783820990644567
'41231,0.8165049923105299
'41230,0.902990465395391
'41245,0.06653879139117512
'41244,0.22396780634295457
'41243,0.42891391654209726
'41242,0.6233181140891902
'41241,0.7735989421850032
'41240,0.8740786282783125
'41305,0.10358196604938272
'41304,0.30580861183127567
'41303,0.5295610681695816
'41302,0.7143315130017718
'41301,0.8411632515446821
'41300,0.9177191216095556
'41315,0.09750154355281206
'41314,0.29433897177640606
'41313,0.5174499104375286
'41312,0.7048804123878919
'41311,0.8350811629267517
'41310,0.9142996397061706
'41325,0.08492826572930955
'41324,0.2678385229622009
'41323,0.4864962765232117
'41322,0.6783820990644567
'41321,0.8165049923105299
'41320,0.902990465395391
'41335,0.06977882217040085
'41334,0.2325572005201443
'41333,0.4413398120287025
'41332,0.6363203117055828
'41331,0.7846135371274311
'41330,0.8821006185324541
'41345,0.05558602055471726
'41344,0.19641017046467382
'41343,0.3911030932163199
'41342,0.5858165046105465
'41341,0.743502445425379
'41340,0.8533223429416973
'41405,0.07873627453703705
'41404,0.2511499808410494
'41403,0.4623226684485597
'41402,0.6532809450005057
'41401,0.7955165778647336
'41400,0.8879504210594653
'41415,0.07499619662208505
'41414,0.24338551227223362
'41413,0.4533967634136565
'41412,0.6457666484297239
'41411,0.7903405488232411
'41410,0.8848567183434474
'41425,0.06653879139117512
'41424,0.22396780634295457
'41423,0.42891391654209726
'41422,0.6233181140891902
'41421,0.7735989421850032
'41420,0.8740786282783125
'41435,0.055586020554717265
'41434,0.19641017046467382
'41433,0.3911030932163199
'41432,0.5858165046105465
'41431,0.743502445425379
'41430,0.8533223429416975
'41445,0.04474279575993496
'41444,0.16676574859178817
'41443,0.34717339220125343
'41442,0.5390042275310577
'41441,0.7033230152734501
'41440,0.8238063510335283
'42005,0.14371141975308643
'42004,0.38032085905349794
'42003,0.6086609975137174
'42002,0.7773978918395633
'42001,0.8831538912763393
'42000,0.9423874282003546
'42015,0.1324780864197531
'42014,0.36214308127572015
'42013,0.591754238254458
'42012,0.7655332220864768
'42011,0.876172060733644
'42010,0.938748733769456
'42025,0.11198975308641974
'42024,0.3241188868312757
'42023,0.5518255220507544
'42022,0.7342861828195015
'42021,0.8558720348491274
'42020,0.9271650636049283
'42035,0.08950749938271604
'42034,0.2770776973868313
'42033,0.4968202885584705
'42032,0.6868326889743026
'42031,0.8221672220317705
'42030,0.9062843768169305
'42045,0.06945175453703704
'42044,0.23036696550771607
'42043,0.4366300999263375
'42042,0.6300818223699501
'42041,0.7784200132659991
'42040,0.8770447129552512
'42105,0.1324780864197531
'42104,0.36214308127572015
'42103,0.591754238254458
'42102,0.7655332220864768
'42101,0.876172060733644
'42100,0.938748733769456
'42115,0.1230011316872428
'42114,0.34596533093278464
'42113,0.5760841662379973
'42112,0.7541898314448064
'42111,0.869336321538177
'42110,0.9351206381259821
'42125,0.10510539094650205
'42124,0.31138431893004115
'42123,0.5386356215020577
'42122,0.7241860507512193
'42121,0.8494908318327238
'42120,0.9236407211454202
'42135,0.08492826572930956
'42134,0.2678385229622009
'42133,0.4864962765232117
'42132,0.6783820990644567
'42131,0.8165049923105299
'42130,0.902990465395391
'42145,0.06653879139117513
'42144,0.22396780634295457
'42143,0.42891391654209726
'42142,0.6233181140891902
'42141,0.7735989421850032
'42140,0.8740786282783125
'42205,0.11198975308641974
'42204,0.3241188868312757
'42203,0.5518255220507544
'42202,0.7342861828195015
'42201,0.8558720348491274
'42200,0.9271650636049283
'42215,0.10510539094650205
'42214,0.31138431893004115
'42213,0.5386356215020576
'42212,0.7241860507512193
'42211,0.8494908318327238
'42210,0.9236407211454202
'42225,0.09119727709190671
'42224,0.2826466507773206
'42223,0.5057171530959458
'42222,0.6965372640006287
'42221,0.8304629292908952
'42220,0.9122609617236629
'42235,0.07491210115073921
'42234,0.2455007323809887
'42233,0.4591318352446718
'42232,0.6539949867959081
'42231,0.7988184653445298
'42230,0.8919103665595619
'42245,0.05963564770576132
'42244,0.20734557625577277
'42243,0.4070948191789972
'42242,0.6026193346241837
'42241,0.75771210250463
'42240,0.8636000764566568
'42305,0.08950749938271604
'42304,0.2770776973868313
'42303,0.4968202885584705
'42302,0.6868326889743026
'42301,0.8221672220317705
'42300,0.9062843768169305
'42315,0.08492826572930955
'42314,0.2678385229622009
'42313,0.4864962765232117
'42312,0.6783820990644568
'42311,0.8165049923105299
'42310,0.902990465395391
'42325,0.07491210115073921
'42324,0.2455007323809887
'42323,0.4591318352446719
'42322,0.6539949867959081
'42321,0.7988184653445298
'42320,0.8919103665595619
'42335,0.062422006044810234
'42334,0.2150106864892547
'42333,0.418529908605012
'42332,0.6148933780696672
'42331,0.7683301921459084
'42330,0.8714670113214532
'42345,0.05041461439915155
'42344,0.18320040343122704
'42343,0.3728313402735967
'42342,0.5676578856195547
'42341,0.7289771683312147
'42340,0.843383436948988
'42405,0.06945175453703704
'42404,0.23036696550771607
'42403,0.4366300999263375
'42402,0.6300818223699501
'42401,0.7784200132659991
'42400,0.8770447129552512
'42415,0.06653879139117512
'42414,0.22396780634295457
'42413,0.42891391654209726
'42412,0.6233181140891902
'42411,0.7735989421850032
'42410,0.8740786282783125
'42425,0.05963564770576132
'42424,0.20734557625577277
'42423,0.4070948191789971
'42422,0.6026193346241836
'42421,0.7577121025046298
'42420,0.8636000764566566
'42435,0.05041461439915155
'42434,0.18320040343122704
'42433,0.3728313402735966
'42432,0.5676578856195547
'42431,0.7289771683312147
'42430,0.843383436948988
'42445,0.041066875559423524
'42444,0.15677237297935329
'42443,0.3325451877124989
'42442,0.5236968262869626
'42441,0.690488085814212
'42440,0.8146380307739487
'43005,0.1105806327160494
'43004,0.3184719007201646
'43003,0.542510944465878
'43002,0.7241899711005373
'43001,0.8473870804026039
'43000,0.9211668202421963
'43015,0.10358196604938272
'43014,0.30580861183127567
'43013,0.5295610681695816
'43012,0.7143315130017718
'43011,0.8411632515446821
'43010,0.9177191216095556
'43025,0.08950749938271604
'43024,0.2770776973868313
'43023,0.4968202885584706
'43022,0.6868326889743026
'43021,0.8221672220317705
'43020,0.9062843768169305
'43035,0.07291752419753086
'43034,0.23939004690534982
'43033,0.44950316225631004
'43032,0.6434091892100365
'43031,0.7896187244550448
'43030,0.8851507714719908
'43045,0.057640865425925926
'43044,0.2012355943299383
'43043,0.3972750362050411
'43042,0.5915168852410202
'43041,0.7477586143744308
'43040,0.8560511283491309
'43105,0.10358196604938272
'43104,0.30580861183127567
'43103,0.5295610681695816
'43102,0.7143315130017718
'43101,0.8411632515446821
'43100,0.9177191216095556
'43115,0.09750154355281208
'43114,0.29433897177640606
'43113,0.5174499104375286
'43112,0.7048804123878919
'43111,0.8350811629267517
'43110,0.9142996397061708
'43125,0.08492826572930956
'43124,0.2678385229622009
'43123,0.4864962765232117
'43122,0.6783820990644568
'43121,0.8165049923105299
'43120,0.9029904653953911
'43135,0.06977882217040084
'43134,0.2325572005201443
'43133,0.4413398120287025
'43132,0.6363203117055828
'43131,0.7846135371274311
'43130,0.8821006185324541
'43145,0.055586020554717265
'43144,0.19641017046467382
'43143,0.3911030932163199
'43142,0.5858165046105465
'43141,0.743502445425379
'43140,0.8533223429416973
'43205,0.08950749938271604
'43204,0.2770776973868313
'43203,0.4968202885584706
'43202,0.6868326889743026
'43201,0.8221672220317705
'43200,0.9062843768169305
'43215,0.08492826572930955
'43214,0.26783852296220084
'43213,0.48649627652321165
'43212,0.6783820990644567
'43211,0.8165049923105299
'43210,0.9029904653953911
'43225,0.07491210115073921
'43224,0.2455007323809887
'43223,0.4591318352446718
'43222,0.6539949867959081
'43221,0.7988184653445298
'43220,0.8919103665595617
'43235,0.062422006044810234
'43234,0.2150106864892547
'43233,0.418529908605012
'43232,0.6148933780696672
'43231,0.7683301921459084
'43230,0.8714670113214531
'43245,0.05041461439915155
'43244,0.18320040343122704
'43243,0.3728313402735967
'43242,0.5676578856195547
'43241,0.7289771683312147
'43240,0.843383436948988
'43305,0.07291752419753086
'43304,0.23939004690534982
'43303,0.44950316225631004
'43302,0.6434091892100365
'43301,0.7896187244550448
'43300,0.8851507714719908
'43315,0.06977882217040084
'43314,0.2325572005201443
'43313,0.4413398120287025
'43312,0.6363203117055828
'43311,0.7846135371274311
'43310,0.882100618532454
'43325,0.062422006044810234
'43324,0.2150106864892547
'43323,0.418529908605012
'43322,0.6148933780696672
'43321,0.7683301921459084
'43320,0.8714670113214531
'43335,0.05272892132754153
'43334,0.1898914064623787
'43333,0.3832583517988142
'43332,0.5792861185316757
'43331,0.7393784702762529
'43330,0.8513173270218877
'43345,0.043169332130154614
'43344,0.16320739306329082
'43343,0.3431075215011545
'43342,0.5360469413892152
'43341,0.7020227814800672
'43340,0.8237902727406178
'43405,0.057640865425925926
'43404,0.2012355943299383
'43403,0.3972750362050411
'43402,0.5915168852410202
'43401,0.7477586143744308
'43400,0.8560511283491309
'43415,0.05558602055471726
'43414,0.19641017046467382
'43413,0.39110309321632
'43412,0.5858165046105465
'43411,0.743502445425379
'43410,0.8533223429416973
'43425,0.05041461439915154
'43424,0.18320040343122704
'43423,0.3728313402735966
'43422,0.5676578856195547
'43421,0.7289771683312147
'43420,0.843383436948988
'43435,0.043169332130154614
'43434,0.1632073930632908
'43433,0.34310752150115437
'43432,0.5360469413892152
'43431,0.7020227814800672
'43430,0.8237902727406178
'43445,0.03562403401334033
'43444,0.14087099654097615
'43443,0.3076410450430155
'43442,0.49592093948113986
'43441,0.6657500252026035
'43440,0.7959248578231706
'44005,0.08293547453703705
'44004,0.2595877941743827
'44003,0.4717801568930042
'44002,0.661087517548654
'44001,0.8008121896891164
'44000,0.8910781626039264
'44015,0.07873627453703705
'44014,0.25114998084104934
'44013,0.4623226684485596
'44012,0.6532809450005057
'44011,0.7955165778647337
'44010,0.8879504210594653
'44025,0.06945175453703704
'44024,0.23036696550771601
'44023,0.4366300999263375
'44022,0.6300818223699501
'44021,0.7784200132659991
'44020,0.8770447129552512
'44035,0.057640865425925926
'44034,0.2012355943299383
'44033,0.3972750362050411
'44032,0.5915168852410202
'44031,0.7477586143744308
'44030,0.8560511283491309
'44045,0.04611269234074074
'44044,0.17021101393209878
'44043,0.3518622317504526
'44042,0.5435859545429067
'44041,0.706924082408126
'44040,0.8262257191609299
'44105,0.07873627453703705
'44104,0.25114998084104934
'44103,0.4623226684485596
'44102,0.6532809450005057
'44101,0.7955165778647337
'44100,0.8879504210594653
'44115,0.07499619662208505
'44114,0.24338551227223362
'44113,0.4533967634136564
'44112,0.6457666484297239
'44111,0.7903405488232411
'44110,0.8848567183434474
'44125,0.06653879139117513
'44124,0.22396780634295457
'44123,0.42891391654209726
'44122,0.6233181140891902
'44121,0.7735989421850032
'44120,0.8740786282783125
'44135,0.05558602055471726
'44134,0.19641017046467382
'44133,0.3911030932163199
'44132,0.5858165046105465
'44131,0.743502445425379
'44130,0.8533223429416975
'44145,0.04474279575993497
'44144,0.16676574859178817
'44143,0.34717339220125343
'44142,0.5390042275310577
'44141,0.7033230152734499
'44140,0.8238063510335283
'44205,0.06945175453703704
'44204,0.23036696550771601
'44203,0.4366300999263375
'44202,0.6300818223699501
'44201,0.7784200132659991
'44200,0.8770447129552512
'44215,0.06653879139117512
'44214,0.22396780634295455
'44213,0.42891391654209726
'44212,0.6233181140891902
'44211,0.7735989421850032
'44210,0.8740786282783125
'44225,0.05963564770576132
'44224,0.20734557625577277
'44223,0.4070948191789971
'44222,0.6026193346241836
'44221,0.7577121025046298
'44220,0.8636000764566566
'44235,0.05041461439915154
'44234,0.18320040343122704
'44233,0.3728313402735966
'44232,0.5676578856195547
'44231,0.7289771683312147
'44230,0.843383436948988
'44245,0.041066875559423524
'44244,0.15677237297935329
'44243,0.3325451877124989
'44242,0.5236968262869626
'44241,0.690488085814212
'44240,0.8146380307739487
'44305,0.057640865425925926
'44304,0.2012355943299383
'44303,0.3972750362050411
'44302,0.5915168852410202
'44301,0.7477586143744308
'44300,0.8560511283491309
'44315,0.05558602055471726
'44314,0.19641017046467382
'44313,0.39110309321632
'44312,0.5858165046105465
'44311,0.743502445425379
'44310,0.8533223429416973
'44325,0.05041461439915154
'44324,0.18320040343122704
'44323,0.3728313402735966
'44322,0.5676578856195547
'44321,0.7289771683312148
'44320,0.843383436948988
'44335,0.04316933213015461
'44334,0.1632073930632908
'44333,0.34310752150115437
'44332,0.5360469413892152
'44331,0.7020227814800672
'44330,0.8237902727406178
'44345,0.03562403401334033
'44344,0.14087099654097615
'44343,0.3076410450430155
'44342,0.49592093948113974
'44341,0.6657500252026035
'44340,0.7959248578231706
'44405,0.04611269234074074
'44404,0.17021101393209878
'44403,0.3518622317504526
'44402,0.5435859545429067
'44401,0.706924082408126
'44400,0.8262257191609299
'44415,0.04474279575993497
'44414,0.16676574859178817
'44413,0.34717339220125343
'44412,0.5390042275310577
'44411,0.7033230152734499
'44410,0.8238063510335283
'44425,0.041066875559423524
'44424,0.1567723729793533
'44423,0.33254518771249886
'44422,0.5236968262869626
'44421,0.690488085814212
'44420,0.8146380307739487
'44435,0.03562403401334033
'44434,0.14087099654097615
'44433,0.3076410450430154
'44432,0.49592093948113974
'44431,0.6657500252026035
'44430,0.7959248578231706
'44445,0.02968669501111694
'44444,0.12234027961933296
'44443,0.27675758413906837
'44442,0.45939371359079456
'44441,0.6313573066006354
'44440,0.7684969326194148
